juiz;135;nom
processo;111;nom
direito;105;nom
magistrado;97;nom
penal;92;adj
morar;91;ver
decisão;91;nom
fato;88;nom
advogado;84;nom
caso;69;nom
interceptação;67;nom
paciente;65;nom
sérgio;64;nom
prova;59;nom
ministro;58;nom
lula;58;nom
imparcialidade;56;nom
defesa;56;nom
ação;48;nom
auto;48;nom
stf;47;nr
mpf;47;nr
ex_presidente;47;nr
ato;47;nom
dia;46;nom
dever;46;ver
acordo;46;nom
mesmo;45;adj
julgar;45;ver
julgador;45;adj
judicial;44;adj
juízo;43;nom
telefônico;42;adj
sistema;41;nom
ex_juiz;41;nr
próprio;40;adj
processual;39;adj
escritório;39;nom
diálogo;39;nom
tribunal;38;nom
ordem;38;nom
art;38;nr
teixeira;37;nom
público;37;adj
operação;37;nom
condução;37;nom
ofício;36;nom
lava_jato;36;nr
investigação;36;nom
habeas_corpus;36;nr
deltan;35;nr
atuação;35;nom
vez;34;nom
coercitivo;34;adj
acusatório;34;adj
terminal;33;nom
destacar;33;ver
dar;32;ver
justiça;31;nom
investigar;31;ver
hc;31;nr
nao;30;nr
medida;30;nom
julgamento;30;nom
afirmar;30;ver
turma;29;nom
relator;29;nom
pessoa;29;nom
federal;29;adj
conversa;29;nom
referido;28;adj
político;28;adj
modo;28;nom
membro;28;nom
humano;28;adj
curitiba;28;nom
constitucional;28;adj
sigilo;27;nom
roberto;27;nom
informação;27;nom
estratégia;27;nom
dizer;27;ver
advocacia;27;nom
pedir;26;ver
forma;26;nom
competência;26;nom
autoridade;26;nom
relação;25;nom
garantia;25;nom
acusação;25;nom
relevante;24;adj
questão;24;nom
prisão;24;nom
interceptar;24;ver
achar;24;ver
juntar;23;ver
força_tarefa;23;nr
violação;22;nom
suspeição;22;nom
pf;22;nr
momento;22;nom
lils;22;nr
falar;22;ver
criminal;22;adj
crime;22;nom
colaboração;22;nom
verificar;21;ver
utilizar;21;ver
tomar;21;ver
telefone;21;nom
só;21;adj
sentido;21;nom
procurador;21;nom
palocci;21;nr
lei;21;nom
interesse;21;nom
ilícito;21;adj
dúvida;21;nom
claro;21;adj
bom;21;adj
saber;20;ver
réu;20;nom
parecer;20;ver
objeto;20;nom
nota;20;nom
mandar;20;ver
função;20;nom
depoimento;20;nom
corte;20;nom
corrupção;20;nom
acusar;20;ver
vara;19;nom
sentença;19;nom
reconhecer;19;ver
paulo;19;nom
justificar;19;ver
grupo;19;nom
edoc;19;nr
determinar;19;ver
data;19;nom
constar;19;ver
brasileiro;19;adj
termo;18;nom
quebra;18;nom
pr;18;nr
partir;18;ver
liberdade;18;nom
fundamental;18;adj
fase;18;nom
empresa;18;nom
discutir;18;ver
cpp;18;nr
cf;18;nr
verdadeiro;17;adj
ressaltar;17;ver
proferido;17;adj
presidente;17;nom
política;17;nom
pedido;17;nom
palestra;17;nom
legal;17;adj
ilegalidade;17;nom
elemento;17;nom
dje;17;nr
bem;17;nom
voto;16;nom
razão;16;nom
querer;16;ver
prestar;16;ver
número;16;nom
novo;16;adj
jurisdicional;16;adj
fossar;16;ver
ficar;16;ver
demonstrar;16;ver
conhecimento;16;nom
conduzir;16;ver
amplo;16;adj
adotar;16;ver
órgão;15;nom
telefonia;15;nom
revelar;15;ver
realizar;15;ver
probatório;15;adj
princípio;15;nom
premiar;15;ver
ponto;15;nom
pessoal;15;adj
pena;15;nom
parcialidade;15;nom
jurídico;15;adj
jerusa;15;nom
final;15;nom
devido;15;adj
deixar;15;ver
cumprir;15;ver
cargo;15;nom
acórdão;15;nom
república;14;nom
praticar;14;ver
possibilidade;14;nom
país;14;nom
operador;14;nom
meio;14;nom
matéria;14;nom
martins;14;nom
manter;14;ver
investigado;14;adj
fundamento;14;nom
examinar;14;ver
eleição;14;nom
determinado;14;adj
democrático;14;adj
decidir;14;ver
contraditório;14;adj
circunstância;14;nom
seguinte;13;adj
rel;13;nr
regra;13;nom
prever;13;ver
oportunidade;13;nom
ocorrer;13;ver
necessário;13;adj
modelo;13;nom
melhor;13;adj
eventual;13;adj
eleitoral;13;adj
denúncia;13;nom
delação;13;nom
código;13;nom
condenação;13;nom
colocar;13;ver
cnj;13;nr
alegação;13;nom
vista;12;nom
violar;12;ver
utilização;12;nom
tratar;12;ver
transcrever;12;ver
superior;12;adj
sociedade;12;nom
sede;12;nom
recurso;12;nom
posição;12;nom
nacional;12;adj
março;12;nom
maior;12;adj
levantamento;12;nom
judiciário;12;adj
internacional;12;adj
instrução;12;nom
independência;12;nom
importante;12;adj
dallagnol;12;nr
conteúdo;12;nom
conhecido;12;adj
conceder;12;ver
antônio;12;nom
agravo;12;nom
âmbito;11;nom
welter;11;nr
uso;11;nom
trazer;11;ver
resultado;11;nom
regimental;11;adj
possível;11;adj
petição;11;nom
passar;11;ver
notícia;11;nom
limite;11;nom
indicação;11;nom
imparcial;11;adj
grave;11;adj
fachin;11;nr
exemplo;11;nom
considerar;11;ver
comportamento;11;nom
colaborador;11;nom
cautelar;11;adj
aceitar;11;ver
único;10;adj
último;10;adj
versão;10;nom
representar;10;ver
ramal;10;nom
prático;10;adj
produção;10;nom
presidencial;10;adj
precedente;10;adj
prado;10;nom
policial;10;adj
pleno;10;adj
partido;10;nom
ordenar;10;ver
objetivo;10;adj
lewandowski;10;nr
instância;10;nom
indicar;10;ver
impedir;10;ver
ilegal;10;adj
expor;10;ver
existência;10;nom
encaminhar;10;ver
edson;10;nom
diverso;10;adj
declarar;10;ver
controlo;10;nom
condição;10;nom
condenatório;10;adj
concreto;10;adj
caráter;10;nom
busca;10;nom
base;10;nom
autorização;10;nom
atuar;10;ver
atingir;10;ver
apresentar;10;ver
anterior;10;adj
época;9;nom
vênias;9;nr
via;9;nom
valer;9;ver
turno;9;nom
trecho;9;nom
tender;9;ver
tb;9;nr
sítio;9;nom
sugerir;9;ver
separação;9;nom
ricardo;9;nom
respeito;9;nom
reportagem;9;nom
receber;9;ver
realização;9;nom
realidade;9;nom
procedimento;9;nom
presente;9;nom
prazo;9;nom
plenário;9;nom
paludo;9;nr
obtido;9;adj
narrativa;9;nom
mensagem;9;nom
manifestar;9;ver
locomoção;9;nom
laura;9;nom
jornal;9;nom
januario;9;nr
informar;9;ver
histórico;9;adj
gravação;9;nom
governo;9;nom
força;9;nom
fonte;9;nom
filho;9;nom
estabelecer;9;ver
esquema;9;nom
encerrar;9;ver
ed;9;nr
dilma;9;nr
depender;9;ver
continuar;9;ver
consistir;9;ver
conjunto;9;nom
conduta;9;nom
civil;9;adj
chamado;9;adj
buscar;9;ver
aurélio;9;nom
assentar;9;ver
artigo;9;nom
apresentação;9;nom
apontar;9;ver
apf;9;nr
análise;9;nom
anselmo;9;nom
ano;9;nom
admitir;9;ver
absoluto;9;adj
áudio;8;nom
vir;8;ver
veicular;8;ver
valor;8;nom
tornar;8;ver
tema;8;nom
suficiente;8;adj
situação;8;nom
reclamante;8;nom
recente;8;adj
real;8;adj
publicar;8;ver
principal;8;adj
precisar;8;ver
pgr;8;nr
petrobras;8;nom
percepção;8;nom
papel;8;nom
ocupar;8;ver
ocasião;8;nom
necessidade;8;nom
mundo;8;nom
mero;8;adj
mencionar;8;ver
manifestação;8;nom
linha;8;nom
liminar;8;nom
levar;8;ver
legislação;8;nom
interrogatório;8;nom
imposto;8;adj
ideia;8;nom
havido;8;adj
grau;8;nom
face;8;nom
exigir;8;ver
evidente;8;adj
essencial;8;adj
entender;8;ver
encontrar;8;ver
eletrônico;8;adj
divulgação;8;nom
desvio;8;nom
definir;8;ver
defender;8;ver
cumprimento;8;nom
condenar;8;ver
comunicação;8;nom
combate;8;nom
chegar;8;ver
celular;8;adj
brasil;8;nom
autorizar;8;ver
apreciação;8;nom
antecedente;8;adj
analisar;8;ver
alegar;8;ver
agente;8;nom
afastar;8;ver
acusador;8;nom
véspera;7;nom
vcs;7;nr
usar;7;ver
trabalhar;7;ver
terceiro;7;nom
sustentar;7;ver
soltar;7;ver
russo;7;adj
roberson;7;nr
restar;7;ver
reclamação;7;nom
projeto;7;nom
preventivo;7;adj
presunção;7;nom
preso;7;adj
pq;7;nr
permitir;7;ver
perda;7;nom
observar;7;ver
objectivo;7;nom
negar;7;ver
mudar;7;ver
mostrar;7;ver
monitoramento;7;nom
mensalão;7;nr
marco;7;nom
ligação;7;nom
jurisprudência;7;nom
intimação;7;nom
interlocutor;7;nom
inq;7;nr
iniciar;7;ver
independente;7;adj
imprensa;7;nom
ilicitude;7;nom
hipótese;7;nom
flagrante;7;adj
finalidade;7;nom
favor;7;nom
familiar;7;adj
existir;7;ver
evidenciar;7;ver
evento;7;nom
específico;7;adj
especial;7;adj
esclarecer;7;ver
episódio;7;nom
eleito;7;adj
doutrina;7;nom
disputa;7;nom
dirigir;7;ver
direto;7;adj
descrever;7;ver
criticar;7;ver
conducao;7;nr
concluir;7;ver
coisa;7;nom
bastar;7;ver
ausência;7;nom
ator;7;nom
atenção;7;nom
atender;7;ver
assinar;7;ver
aspecto;7;nom
apreensão;7;nom
andrey;7;nr
agir;7;ver
acesso;7;nom
aceitação;7;nom
abuso;7;nom
aberto;7;adj
writ;6;nom
vladimir;6;nom
transladar;6;ver
tocar;6;ver
sério;6;adj
suspensão;6;nom
supremo;6;adj
sucessivo;6;adj
submeter;6;ver
spoofing;6;nr
sp;6;nr
soltura;6;nom
social;6;adj
silêncio;6;nom
senhor;6;nom
semana;6;nom
segurança;6;nom
rt;6;nr
relatoria;6;nr
relacionar;6;ver
região;6;nom
public;6;nr
prévio;6;adj
prr;6;nr
provimento;6;nom
proteção;6;nom
promotor;6;nom
produzir;6;ver
previsão;6;nom
prerrogativa;6;nom
polícia;6;nom
perceber;6;ver
pedro;6;nom
onu;6;nr
odebrecht;6;nom
obtenção;6;nom
nulidade;6;nom
narrar;6;ver
motivo;6;nom
ministro_da_justiça;6;nr
mendonça;6;nom
mendes;6;nom
marcelo;6;nom
livre;6;adj
levantar;6;ver
início;6;nom
inviabilizar;6;ver
inocência;6;nom
indicativo;6;nom
impor;6;ver
impetração;6;nom
impetrar;6;ver
grande;6;adj
gilmar;6;nom
geral;6;adj
garantir;6;ver
fundamentar;6;ver
foro;6;nom
extensão;6;nom
exercício;6;nom
esperar;6;ver
eros;6;nom
envolver;6;ver
enviar;6;ver
ementa;6;nom
efeito;6;nom
discussão;6;nom
difícil;6;adj
denunciar;6;ver
declaração;6;nom
criminoso;6;adj
criar;6;ver
crer;6;ver
corroboração;6;nom
contrário;6;adj
contexto;6;nom
concordar;6;ver
conclusão;6;nom
comum;6;adj
cometer;6;ver
combinar;6;ver
colher;6;ver
cliente;6;nom
chamar;6;ver
cenário;6;nom
celebrar;6;ver
causa;6;nom
atividade;6;nom
aplicação;6;nom
aplicar;6;ver
antecipar;6;ver
anexo;6;nom
alegado;6;adj
advertir;6;ver
abusivo;6;adj
óbvio;5;adj
voltar;5;ver
visão;5;nom
vincular;5;ver
universidade;5;nom
triplex;5;nr
trf;5;nr
travar;5;ver
titular;5;adj
testemunha;5;nom
tessler;5;nr
tese;5;nom
telegram;5;nr
suspender;5;ver
setembro;5;nom
rs;5;nr
restrição;5;nom
relatório;5;nom
redator;5;nom
recusar;5;ver
receita;5;nom
razoável;5;adj
ramal_tronco;5;nr
punitivo;5;adj
provar;5;ver
propósito;5;nom
pronunciamento;5;nom
professor;5;nom
preliminar;5;adj
pleito;5;nom
perder;5;ver
partidário;5;nom
palavra;5;nom
ouvir;5;ver
organização;5;nom
organismo;5;nom
obter;5;ver
noticiar;5;ver
noronha;5;nom
mês;5;nom
mp;5;nr
motivação;5;nom
ligar;5;ver
lembrar;5;ver
legalidade;5;nom
kriele;5;nr
justificativo;5;nom
jurisdição;5;nom
julio;5;nom
januário;5;nom
intuito;5;nom
interno;5;adj
incompetência;5;nom
inaceitável;5;adj
imputar;5;ver
impedimento;5;nom
imediato;5;adj
herói;5;nom
gravidade;5;nom
gente;5;nom
fundamentação;5;nom
funcional;5;adj
folha;5;nom
fevereiro;5;nom
explicar;5;ver
experiência;5;nom
excelente;5;adj
exame;5;nom
estatal;5;adj
divulgar;5;ver
divulg;5;nr
distinto;5;adj
dignidade_da_pessoa_humana;5;nr
depor;5;ver
definitivo;5;adj
defensivo;5;adj
debate;5;nom
curso;5;nom
crítica;5;nom
convite;5;nom
confirmar;5;ver
configurar;5;ver
comitê;5;nom
colegiado;5;adj
colega;5;nom
citar;5;ver
cezar;5;nom
camila;5;nom
cadastro;5;nom
caber;5;ver
benefício;5;nom
beneficiar;5;ver
atual;5;adj
atibaia;5;nom
atar;5;ver
apuração;5;nom
apreender;5;ver
apoio;5;nom
anulação;5;nom
agr;5;nr
agosto;5;nom
admissão;5;nom
acontecer;5;ver
acabar;5;ver
vivo;4;adj
vislumbrar;4;ver
visar;4;ver
vazamento;4;nom
valoração;4;nom
universal;4;adj
técnica;4;nom
total;4;adj
toffoli;4;nr
titularizado;4;nr
teori;4;nr
teor;4;nom
tentativa;4;nom
súmula;4;nom
suposto;4;adj
seguir;4;ver
saída;4;nom
sanção;4;nom
sair;4;ver
revista;4;nom
resposta;4;nom
responsável;4;adj
resolução;4;nom
resistência;4;nom
rememorar;4;ver
relatar;4;ver
reiterar;4;ver
regional;4;adj
reforçar;4;ver
reforma;4;nom
reconhecimento;4;nom
reclamar;4;ver
reafirmar;4;ver
publicação;4;nom
pré_processual;4;nr
provocar;4;ver
providência;4;nom
pronunciar;4;ver
prolação;4;nom
processar;4;ver
pretensão;4;nom
preconceito;4;nom
preciso;4;adj
preceito;4;nom
prc;4;nr
pozzobon;4;nr
postura;4;nom
possibilitar;4;ver
posse;4;nom
poder_judiciário;4;nr
período;4;nom
pertencer;4;ver
pertencente;4;adj
perspectiva;4;nom
perseguição;4;nom
persecutório;4;adj
pensar;4;ver
parcial;4;adj
orlar;4;ver
ordenação;4;nom
opção;4;nom
oposição;4;nom
oportuno;4;adj
oitiva;4;nom
oficiar;4;ver
obrigação;4;nom
novembro;4;nom
nomeação;4;nom
neto;4;nom
negociação;4;nom
nação;4;nom
natural;4;adj
narrado;4;adj
mínimo;4;adj
mérito;4;nom
monocrático;4;adj
monique;4;nom
miller;4;nom
marcar;4;ver
mar;4;nom
manutenção;4;nom
manipulação;4;nom
luís;4;nom
lugar;4;nom
ler;4;ver
legítimo;4;adj
legitimidade;4;nom
lavra;4;nom
lavagem;4;nom
lado;4;nom
junto;4;adj
josé;4;nom
jf;4;nr
jd;4;nr
investigador;4;nom
intenção;4;nom
intenso;4;adj
integridade;4;nom
integrante;4;nom
institucional;4;adj
inquérito;4;nom
inicial;4;adj
inequívoco;4;adj
indevido;4;adj
inclinação;4;nom
inciso;4;adj
inadequado;4;adj
imputação;4;nom
impugnar;4;ver
impetrantes;4;nr
il;4;nr
heterodoxo;4;adj
grampear;4;ver
globo;4;nom
ft;4;nr
flor;4;nom
figura;4;nom
extremo;4;adj
exposição;4;nom
exercer;4;ver
exclusão;4;nom
excipiente;4;nom
exarar;4;ver
ex_officio;4;nr
ex_ministro;4;nr
evitar;4;ver
europeu;4;adj
escopo;4;nom
esconder;4;ver
erro;4;nom
equipa;4;nom
envolvido;4;adj
encerramento;4;nom
emitir;4;ver
eminente;4;adj
efetivação;4;nom
doutor;4;nom
doc;4;nr
dispositivo;4;nom
dinheiro;4;nom
dignidade;4;nom
desentranhamento;4;nr
desembargador;4;nom
denominar;4;ver
demorar;4;ver
deferir;4;ver
defensor;4;nom
decretação;4;nom
culpado;4;adj
culpabilidade;4;nom
cuidado;4;nom
corroborar;4;ver
corresponder;4;ver
correa;4;nom
conter;4;ver
constrangimento;4;nom
constituir;4;ver
conjur;4;nr
conhecer;4;ver
conexão;4;nom
comprovar;4;ver
compartilhar;4;ver
comentar;4;ver
colômbia;4;nom
clareza;4;nom
ciência;4;nom
cidadão;4;nom
captar;4;ver
candidato;4;nom
campanha;4;nom
breve;4;adj
bonfim;4;nr
bangalore;4;nr
atribuição;4;nom
athayde;4;nr
argumento;4;nom
aquisição;4;nom
apresentado;4;adj
antonio;4;nom
antecipado;4;adj
analisado;4;adj
ameaça;4;nom
alvo;4;adj
ag;4;nr
advertência;4;nom
adpf;4;nr
adotado;4;adj
absolutista;4;adj
útil;3;adj
ímpar;3;adj
ângelo;3;nom
zavascki;3;nom
yale;3;nr
vítima;3;nom
voo;3;nom
verificação;3;nom
vencer;3;ver
vc;3;nr
vantagem;3;nom
validade;3;nom
usado;3;adj
unido;3;adj
tratativas;3;nr
transcrição;3;nom
tradução;3;nom
thompson;3;nom
the;3;nr
temporário;3;adj
tamanho;3;adj
supor;3;ver
subseção;3;nom
subjetivo;3;adj
sozinho;3;adj
solução;3;nom
sofrer;3;ver
silva;3;nom
significado;3;nom
serviço;3;nom
semelhante;3;adj
santo;3;adj
rousseff;3;nr
rogério;3;nom
rodrigues;3;nom
risco;3;nom
reunião;3;nom
reunir;3;ver
resumo;3;nom
restringir;3;ver
requerer;3;ver
representante;3;nom
repise;3;nr
repetido;3;adj
repercussão;3;nom
relevância;3;nom
relativo;3;adj
relacionado;3;adj
registro;3;nom
registrar;3;ver
referenciar;3;ver
recorrer;3;ver
recorrente;3;adj
recebimento;3;nom
rcl;3;nr
quadro;3;nom
qo;3;nr
pôr;3;ver
punição;3;nom
publicizados;3;nr
pré_constituída;3;nr
proposta;3;nom
procuradoria;3;nom
procedente;3;adj
problema;3;nom
privativo;3;adj
privado;3;adj
previsto;3;adj
pretender;3;ver
pressão;3;nom
pressuposto;3;nom
preocupação;3;nom
prender;3;ver
prejuízo;3;nom
posterior;3;adj
positivo;3;adj
portal;3;nom
peça;3;nom
pet;3;nr
perplexidade;3;nom
peluso;3;nr
patrono;3;nom
passível;3;adj
passo;3;nom
participar;3;ver
paraná;3;nom
pagar;3;ver
pagamento;3;nom
ostensivo;3;adj
origem;3;nom
opositor;3;nom
opinião;3;nom
ok;3;nr
oficial;3;adj
ode;3;nom
oas;3;nr
notório;3;adj
notável;3;adj
norma;3;nom
natureza;3;nom
mídia;3;nom
méxico;3;nom
midiática;3;nr
merecer;3;ver
mello;3;nom
material;3;nom
macular;3;ver
líder;3;nom
lumen;3;nr
luciano;3;nom
longo;3;adj
lima;3;nom
licitude;3;nom
libertação;3;nom
lançar;3;ver
justo;3;adj
juris;3;nr
jornalista;3;nom
jogo;3;nom
jair_bolsonaro;3;nr
iv;3;nr
irroga;3;nr
inácio;3;nom
investigativo;3;adj
intinar;3;ver
interrupção;3;nom
interpol;3;nr
instrumento;3;nom
instituto;3;nom
instalar;3;ver
inscrever;3;ver
inquisitivo;3;adj
inocente;3;adj
iniciativa;3;nom
indício;3;nom
indivíduo;3;nom
indiciamento;3;nom
indicado;3;adj
inconformismo;3;nom
incluir;3;ver
inadmissibilidade;3;nom
imputado;3;adj
impossível;3;adj
importância;3;nom
iii;3;nr
identificar;3;ver
história;3;nom
gustavo;3;nom
gostar;3;ver
ganhar;3;ver
fático;3;adj
fácil;3;adj
fugir;3;ver
frança;3;nom
franco;3;adj
formal;3;adj
filigrana;3;nom
ferrajoli;3;nr
fernando;3;nom
favreto;3;nr
favorável;3;adj
falta;3;nom
facilitar;3;ver
extravagante;3;adj
expressão;3;nom
expressar;3;ver
excluir;3;ver
ex_magistrado;3;nr
evidência;3;nom
essência;3;nom
espúrio;3;adj
espírito;3;nom
espontâneo;3;adj
escolha;3;nom
equivocar;3;ver
envolvimento;3;nom
entrar;3;ver
entao;3;nr
enorme;3;adj
enfrentar;3;ver
encher;3;ver
eletivo;3;adj
dr;3;nr
documento;3;nom
dito;3;adj
disposição;3;nom
diligência;3;nom
dilação;3;nom
determinação;3;nom
destino;3;nom
desserviço;3;nom
desrespeito;3;nom
despeito;3;nom
desnecessário;3;adj
desfavorável;3;adj
desenvolver;3;ver
descrição;3;nom
denotar;3;ver
delator;3;nom
definição;3;nom
deferimento;3;nom
decretar;3;ver
decorrência;3;nom
cópia;3;nom
custa;3;nom
cuidar;3;ver
costa;3;nom
corregedoria;3;nom
cooperação;3;nom
contrariado;3;adj
contemplar;3;ver
contato;3;nom
contar;3;ver
consubstanciar;3;ver
construir;3;ver
constituição;3;nom
consignar;3;ver
consideração;3;nom
consequência;3;nom
conselho;3;nom
conseguir;3;ver
confissão;3;nom
confiança;3;nom
conferir;3;ver
concessão;3;nom
compreender;3;ver
complementar;3;ver
competente;3;adj
compelir;3;ver
compatível;3;adj
comparecer;3;ver
colhido;3;adj
cnpj;3;nr
cit;3;nr
certo;3;adj
cazarre;3;nr
casa;3;nom
característica;3;nom
campo;3;nom
caixa;3;nom
bradar;3;ver
barbosa;3;nom
avisar;3;ver
avaliação;3;nom
autoincriminação;3;nr
atribuir;3;ver
assumir;3;ver
assinatura;3;nom
assegurar;3;ver
arquivar;3;ver
arguição;3;nr
arbítrio;3;nom
ar;3;nom
apto;3;adj
aproximar;3;ver
apropriado;3;adj
apreciado;3;adj
aportar;3;ver
apoiador;3;adj
aplicativo;3;nom
apanhar;3;ver
ap;3;nr
anunciar;3;ver
andamento;3;nom
amigo;3;nom
alfredo;3;nom
alberto;3;nom
ajudar;3;ver
aguardar;3;ver
afastado;3;adj
adquirir;3;ver
adir;3;ver
acompanhar;3;ver
abusividade;3;nr
ótimo;2;adj
íntimo;2;adj
zanin;2;nom
zaffaroni;2;nr
waleixo;2;nr
vínculo;2;nom
vício;2;nom
válido;2;adj
vs;2;nr
voz;2;nom
votar;2;ver
vol;2;nr
virar;2;ver
violência;2;nom
vinculação;2;nom
viecili;2;nr
vida;2;nom
vice_presidente;2;nr
veículo;2;nom
verba;2;nom
veracidade;2;nom
vedar;2;ver
vazio;2;adj
valioso;2;adj
valeixo;2;nr
unidade;2;nom
ultrapassar;2;ver
tumulto;2;nom
trf_4;2;nr
tratamento;2;nom
tratado;2;adj
transformar;2;ver
traduzir;2;ver
trabalhador;2;adj
tido;2;adj
thums;2;nr
texto;2;nom
tergiversação;2;nom
tensão;2;nom
temática;2;nom
temer;2;ver
telefonar;2;ver
tambem;2;nr
tacla;2;nr
síntese;2;nom
suscitar;2;ver
susan;2;nom
supressão;2;nom
superveniente;2;adj
superação;2;nom
sujeito;2;nom
subjugação;2;nom
suassuna;2;nr
status;2;nom
so;2;nr
site;2;nr
singular;2;adj
sindicato;2;nom
sinal;2;nom
simular;2;ver
simples;2;adj
significar;2;ver
signatário;2;nom
sera;2;nr
seletivo;2;adj
seguida;2;nom
scarance;2;nr
saudoso;2;adj
saraiva;2;nom
sagrado;2;adj
saco;2;nom
rápido;2;adj
ruir;2;ver
roussef;2;nr
rotina;2;nom
rose_ackerman;2;nr
rito;2;nom
rio;2;nom
rhc;2;nr
rfb;2;nr
revogar;2;ver
rever;2;ver
revelação;2;nom
ressalvar;2;ver
responsabilidade;2;nom
responder;2;ver
respeitado;2;adj
respectivo;2;adj
respaldo;2;nom
resguardar;2;ver
reputado;2;adj
representação;2;nom
renan;2;nom
remessa;2;nom
relacao;2;nr
rejeitar;2;ver
reiteração;2;nom
regime;2;nom
reflexão;2;nom
refletir;2;ver
referência;2;nom
referir;2;ver
referendar;2;ver
reexame;2;nom
recíproco;2;adj
recolher;2;ver
recair;2;ver
reação;2;nom
reavivar;2;ver
raro;2;adj
raquel;2;nom
raciocinio;2;nr
questionável;2;adj
questionar;2;ver
quarto;2;nom
qq;2;nr
punir;2;ver
próximo;2;adj
prr4;2;nr
provocação;2;nom
provisório;2;adj
prover;2;ver
protesto;2;nom
prorrogar;2;ver
propina;2;nom
prol;2;nom
proibição;2;nom
profeta;2;nom
procurar;2;ver
proativa;2;nr
prisma;2;nom
prioridade;2;nom
prevalecer;2;ver
pretérito;2;adj
pressupor;2;ver
pressa;2;nom
preocupado;2;adj
prejudicialidade;2;nr
prejudicar;2;ver
precipitar;2;ver
preceder;2;ver
potestas;2;nr
potencial;2;nom
posicionamento;2;nom
portugal;2;nom
pontuar;2;ver
político_partidários;2;nr
polaridade;2;nom
plantonista;2;nom
pertinência;2;nom
persecução;2;nom
perpetuar;2;ver
permear;2;ver
perguntar;2;ver
pergunta;2;nom
perdido;2;adj
pendente;2;adj
pautar;2;ver
pauta;2;nom
parágrafo;2;nom
particular;2;adj
participação;2;nom
parlamentar;2;adj
paris;2;nom
paridade;2;nom
paraguai;2;nom
pairar;2;ver
ouvido;2;nom
otimo;2;nr
originário;2;adj
orientar;2;ver
opiniao;2;nr
opar;2;ver
oferecer;2;ver
ofensa;2;nom
ocorrência;2;nom
obrigar;2;ver
ob;2;nr
oab;2;nr
nomear;2;ver
neutralidade;2;nom
negócio;2;nom
negativo;2;adj
naturalidade;2;nom
máximo;2;adj
márcio;2;nom
multa;2;nom
mto;2;nr
mover;2;ver
motivar;2;ver
moraes;2;nom
moradia;2;nom
monitorar;2;nr
modificar;2;ver
moderno;2;adj
minutando;2;nr
militar;2;adj
menor;2;adj
mencionado;2;adj
memorial;2;nom
mecanismo;2;nom
mc;2;nr
maurício;2;nom
maturidade;2;nom
manto;2;nom
manipular;2;ver
malucelli;2;nr
magalhães;2;nom
lúcia;2;nom
lvii;2;nr
luiz;2;nom
luigi;2;nom
ltda;2;nr
louvável;2;adj
loucura;2;nom
local;2;nom
listar;2;ver
limitar;2;ver
limitado;2;adj
liderar;2;ver
liderança;2;nom
lesivo;2;adj
leitura;2;nom
laurinha;2;nr
laudo;2;nom
jurista;2;nom
jurisprudencial;2;adj
julho;2;nom
jonas;2;nom
ja;2;nr
invocar;2;ver
inviável;2;adj
inviolabilidade;2;nom
inviabilidade;2;nom
investir;2;ver
inventário;2;nom
inutilização;2;nom
interposto;2;adj
internet;2;nom
interessar;2;ver
intercepção;2;nom
intercept;2;nr
interamericano;2;adj
integrar;2;ver
instrumentalização;2;nom
inserção;2;nom
inquisitorial;2;adj
injusto;2;adj
influência;2;nom
influenciar;2;ver
inexistência;2;nom
individualizado;2;adj
indispensável;2;adj
indicador;2;adj
indenização;2;nom
indeferimento;2;nom
indagar;2;ver
incriminar;2;ver
incorporar;2;ver
inconteste;2;adj
inconsistência;2;nom
incongruência;2;nom
incomum;2;adj
incidência;2;nom
incidente;2;nom
inaplicabilidade;2;nom
inadmissível;2;adj
imprestável;2;adj
impossibilidade;2;nom
importar;2;ver
implícito;2;adj
implicar;2;ver
impetrante;2;nom
impeditivo;2;adj
iminente;2;adj
imagem;2;nom
ilegítimo;2;adj
ii;2;nr
igual;2;adj
igor;2;nom
ideal;2;adj
hábil;2;adj
hostilizar;2;ver
homologação;2;nom
homologar;2;ver
hj;2;nr
gravoso;2;adj
grampo;2;nom
google;2;nr
gomes;2;nom
gilberto;2;nom
fux;2;nr
furtar;2;ver
fundar;2;ver
funcionar;2;ver
funcionamento;2;nom
fruto;2;nom
frente;2;nom
forçar;2;ver
forte;2;adj
formular;2;ver
formação;2;nom
fls;2;nr
fixação;2;nom
fixar;2;ver
fiscal;2;nom
findar;2;ver
financiamento;2;nom
fgts;2;nr
fernandes;2;nom
favareto;2;nr
fatos_novos;2;nr
falso;2;adj
falha;2;nom
falado;2;adj
fabiana;2;nom
extrair;2;ver
explícito;2;adj
explicitar;2;ver
expedir;2;ver
expediente;2;nom
existente;2;adj
execução;2;nom
executar;2;ver
execração;2;nom
excesso;2;nom
excepcional;2;adj
ex_juíz;2;nr
evadir;2;ver
eugenio;2;nom
eua;2;nr
etc;2;nr
estreito;2;adj
estilo;2;nom
estendido;2;adj
esteio;2;nom
estatuto;2;nom
estabelecimento;2;nom
espécie;2;nom
espectro;2;nom
espanha;2;nom
escutar;2;ver
escritura;2;nom
escrito;2;nom
escrever;2;ver
esclarecimento;2;nom
equitativo;2;adj
equidistante;2;adj
entrevista;2;nom
entregar;2;ver
entendido;2;adj
enfático;2;adj
enfrentamento;2;nom
encontro;2;nom
emérito;2;adj
empoderamento;2;nr
eleger;2;ver
elaborar;2;ver
efetivo;2;adj
econômico;2;adj
duran;2;nom
duque;2;nom
domingo;2;nom
dje_224;2;nr
dj;2;nr
distinção;2;nom
disciplinar;2;ver
direção;2;nom
direcionar;2;ver
diploma;2;nom
dimensão;2;nom
dilema;2;nom
diferente;2;adj
df;2;nr
detrimento;2;nom
detalhe;2;nom
desígnio;2;nom
desvelar;2;ver
desrespeitar;2;ver
desiderato;2;nom
desentranhadas;2;nr
desenhar;2;ver
descumprimento;2;nom
descrito;2;adj
desconhecer;2;ver
democracia;2;nom
demanda;2;nom
delimitação;2;nom
delimitar;2;ver
deliberação;2;nom
delatado;2;adj
del;2;nom
decurso;2;nom
decreto;2;nom
decisório;2;adj
danilo;2;nom
dado;2;nom
custódia;2;nom
custo;2;nom
crítico;2;nom
criação;2;nom
criativo;2;adj
credibilidade;2;nom
cpc;2;nr
corréus;2;nr
corrida;2;nom
convir;2;ver
convidar;2;ver
convenção;2;nom
conveniência;2;nom
controvertido;2;adj
contrariar;2;ver
contorno;2;nom
contido;2;adj
contextualizar;2;ver
contaminação;2;nom
consultar;2;ver
constranger;2;ver
constatação;2;nom
constatar;2;ver
constante;2;adj
consolidado;2;adj
consistente;2;adj
consignei;2;nr
conselheiro;2;nom
conseguinte;2;adj
consagração;2;nom
consagrar;2;ver
confusão;2;nom
confronto;2;nom
conexo;2;adj
concertar;2;ver
concebido;2;adj
conceber;2;ver
comunidade;2;nom
comunicar;2;ver
comunicado;2;nom
compra;2;nom
complexidade;2;nom
companhia;2;nom
comissão;2;nom
comentário;2;nom
combater;2;ver
colheita;2;nom
cognição;2;nom
cogitar;2;ver
cláusula;2;nom
classe;2;nom
citado;2;adj
cidade;2;nom
chefe;2;nom
cessação;2;nom
central;2;adj
celso;2;nom
celebração;2;nom
ccc;2;nr
catarina;2;nom
carta;2;nom
carol;2;nr
caro;2;adj
carlos;2;nom
caracterizar;2;ver
caput;2;nom
canal;2;nom
cadastrar;2;ver
cabimento;2;nom
cabeça;2;nom
bélgica;2;nom
bretas;2;nr
bolsonaro;2;nr
bittar;2;nr
biografia;2;nom
basear;2;ver
banestado;2;nr
banco;2;nom
baliza;2;nom
badaró;2;nom
avanço;2;nom
avançar;2;ver
avaliacao;2;nr
auxílio;2;nom
autorizado;2;adj
audiência;2;nom
audio;2;nr
atlas;2;nom
ativo;2;adj
atitude;2;nom
assunto;2;nom
assistir;2;ver
assentada;2;nom
arvorar;2;ver
artificial;2;adj
articular;2;ver
arrecadação;2;nom
arquivo;2;nom
arma;2;nom
argumentação;2;nom
argumentar;2;ver
arbitrário;2;adj
aprofundamento;2;nom
apo;2;adj
apelação;2;nom
aparência;2;nom
aparecer;2;ver
apagar;2;ver
anular;2;ver
anteceder;2;ver
andré;2;nom
ampliação;2;nom
ampliar;2;ver
ameaçar;2;ver
amadurecimento;2;nom
alves;2;nom
aludir;2;ver
alinhar;2;ver
alheio;2;adj
alexandre;2;nom
agredir;2;ver
afronta;2;nom
aferir;2;ver
afastamento;2;nom
aeroporto;2;nom
adversário;2;adj
adversarial;2;nr
admissível;2;adj
adicional;2;adj
adiamento;2;nom
aderência;2;nom
aderir;2;ver
ackerman;2;nr
acadêmico;2;adj
absurdo;2;adj
abrir;2;ver
abordar;2;ver
abertura;2;nom
09_09_2020;2;nr
ônus;1;nom
ótica;1;nom
ópera;1;nom
íntegro;1;nom
étnico;1;adj
ética;1;nom
ãh;1;nr
áustria;1;nom
área;1;nom
álibi;1;nom
ágil;1;adj
zenkner;1;nr
zekner;1;nr
zavaski;1;nr
zanichelli;1;nr
zafra;1;nr
youssef;1;nr
young;1;nom
xyz;1;nr
xxxviii;1;nr
xxvi;1;nr
xeque;1;nom
winter;1;nr
william;1;nom
webday;1;nr
watanabe;1;nom
voto_vista;1;nr
voto_relator;1;nr
volume;1;nom
volta;1;nom
vivência;1;nom
viver;1;ver
visao;1;nr
visanet;1;nr
virado;1;nom
violento;1;adj
violentar;1;ver
viola;1;nom
vigência;1;nom
vigente;1;adj
vicente;1;nom
viajar;1;ver
vetor;1;nom
verticalização;1;nr
versar;1;ver
verlag;1;nr
verificável;1;adj
vergonha;1;nom
verfahrensbeteiligter;1;nr
verbis;1;nr
verbalizei;1;nr
vento;1;nom
venia;1;nr
venda;1;nom
vencido;1;adj
veiculação;1;nom
veemência;1;nom
vedação;1;nom
vedado;1;adj
vaza_jato;1;nr
variação;1;nom
variasssss;1;nr
vao;1;nr
valorar;1;ver
validar;1;ver
valadés;1;nr
vaidade;1;nom
usuário;1;nom
usurpação;1;nom
usurpar;1;ver
usariamos;1;nr
uol;1;nr
união;1;nom
university;1;nr
universalidade;1;nom
unir;1;ver
unilateral;1;adj
unica;1;nr
und;1;nr
ultrajar;1;ver
ultimar;1;ver
tônico;1;adj
tórtima;1;nr
técnico;1;nom
tático;1;adj
tvz;1;nr
tv;1;nr
tutelar;1;adj
trânsito;1;nom
trâmite;1;nom
tronco;1;nom
troca;1;nom
treva;1;nom
trench;1;nr
travestido;1;nr
travado;1;adj
transvestir;1;ver
transferir;1;ver
transcorrer;1;ver
transação;1;nom
tranquilo;1;adj
tranquilidade;1;nom
tramitar;1;ver
trago;1;nom
trabalhista;1;adj
totalitário;1;adj
tornado;1;nom
torcer;1;ver
toque;1;nom
topar;1;ver
tolerância;1;nom
tolerar;1;ver
tolerado;1;adj
toa;1;nom
titularidade;1;nom
tipificar;1;ver
tinah;1;nr
thomson;1;nr
thompson18;1;nr
thoimpson;1;nr
texier;1;nr
teto;1;nom
testemunho;1;nom
testemunhal;1;adj
territorial;1;adj
tergiversar;1;ver
teresa;1;nom
tercietà;1;nr
terceirizada;1;nr
terca;1;nr
tera;1;nr
teoría;1;nr
teoria;1;nom
tentado;1;adj
tenderíamos;1;nr
temporal;1;adj
temis;1;nr
telefonica;1;nr
telefonema;1;nom
tela;1;nom
tel;1;nr
taxar;1;ver
tata;1;nr
tarefa;1;nom
tapete;1;nom
tapa;1;nom
tao;1;nr
tabela;1;nom
sólido;1;adj
sócio;1;nom
série;1;nom
sénior;1;nom
sustentação;1;nom
suspensao;1;nr
suscitado;1;adj
suscetível;1;adj
surgimento;1;nom
suprir;1;ver
supracitado;1;adj
supervisionar;1;ver
supervenientemente;1;nr
superar;1;ver
super;1;adj
sui;1;nr
suficiência;1;nom
suceder;1;ver
subverter;1;ver
substituição;1;nom
subsidiariedade;1;nom
subserviente;1;adj
submissão;1;nom
subjugar;1;ver
subjetivismo;1;nom
subalternidade;1;nom
storytelling;1;nr
stj;1;nr
sterling;1;nr
standart;1;nr
staatsrecht;1;nr
sr;1;nr
soviético;1;adj
sorrateiro;1;adj
sondar;1;ver
solidariedade;1;nom
solida;1;nr
solicitação;1;nom
solicitar;1;ver
sobrepor;1;ver
sobrelevar;1;ver
situar;1;ver
sine;1;nr
sindicalista;1;nom
silenciar;1;ver
show;1;nom
shou;1;nr
set;1;nom
sessão;1;nom
servir;1;ver
serventuário;1;nom
seriedade;1;nom
sereno;1;adj
sequência;1;nom
sequencial;1;adj
sentir;1;ver
sensu;1;nr
sensacional;1;adj
senado;1;nom
seleção;1;nom
seletividade;1;nom
selecionar;1;ver
seguro;1;adj
segregação;1;nom
segregar;1;ver
secretário;1;nom
secreto;1;adj
secretaria;1;nom
schmidt;1;nom
schlink;1;nr
schimidt;1;nr
scheichelbauer;1;nr
schahin_bumlai;1;nr
scalcon;1;nr
sc;1;nr
saujani;1;nr
satisfeito;1;adj
sao;1;nr
sandália;1;nom
sancionamento;1;nr
salvar;1;ver
saguão;1;nom
sacanagem;1;nom
sabedor;1;nom
rússia;1;nom
rural;1;adj
rumoroso;1;adj
rumo;1;nom
ruim;1;adj
rubens;1;nom
rsrsrs;1;nr
rossi;1;nom
romper;1;ver
romario;1;nr
roma;1;nom
rol;1;nom
rodrigo;1;nom
rodapé;1;nom
robinho;1;nr
rj;1;nr
riqueza;1;nom
rigor;1;nom
rico;1;adj
richters;1;nr
rhc_agr;1;nr
rg;1;nr
revolvimento;1;nom
revisão;1;nom
revisor;1;nom
revisao;1;nr
revelia;1;nom
revanche;1;nom
revan;1;nr
retrospecto;1;nom
retraído;1;adj
retomada;1;nom
retirar;1;ver
retificar;1;ver
retardado;1;adj
resumir;1;ver
restrito;1;adj
restaurar;1;ver
resplandecer;1;ver
respeitar;1;ver
resolver;1;ver
residência;1;nom
reshma;1;nr
resgatar;1;ver
reserva;1;nom
rer;1;ver
requisição;1;nom
requisito;1;nom
requerimento;1;nom
requerido;1;adj
requerente;1;nom
repúdio;1;nom
repugnante;1;adj
republicano;1;adj
reprodução;1;nom
repressivo;1;adj
repetir;1;ver
repassado;1;adj
reparação;1;nom
render;1;ver
renato;1;nom
renata;1;nom
remédio;1;nom
remissão;1;nom
rememorados;1;nr
remediar;1;ver
remanescente;1;adj
relutar;1;ver
relevo;1;nom
relevar;1;ver
relevado;1;adj
relembrar;1;ver
relato;1;nom
relativizações;1;nr
relativização;1;nom
reino;1;nom
regência;1;nom
regularidade;1;nom
regular;1;adj
reforço;1;nom
reflexoes;1;nr
referente;1;adj
referendo;1;nom
reescrever;1;ver
redução;1;nom
reduzir;1;ver
redistribuição;1;nom
redirecionar;1;nr
redigir;1;ver
recursar;1;nr
recursal;1;adj
recuperar;1;ver
recepção;1;nom
receio;1;nom
recalcitrâncias;1;nr
realizado;1;adj
reabertura;1;nom
re;1;nr
rbccrim;1;nr
raúl;1;nom
razoar;1;ver
racionalidade;1;nom
quintella;1;nr
quebrar;1;ver
qualificado;1;adj
quadrilha;1;nom
quadra;1;nom
qua;1;nr
pétreo;1;adj
página;1;nom
puro;1;adj
puniendi;1;nr
pular;1;ver
publicidade;1;nom
pt;1;nr
psl;1;nr
psicológico;1;adj
pró_réu;1;nr
prêmio;1;nom
pré_julgamentos;1;nr
pré_constitucional;1;nr
pré_campanha;1;nr
provável;1;adj
proveniente;1;adj
provado;1;adj
protocolamos;1;nr
proteger;1;ver
protagonismo;1;nom
prosseguir;1;ver
prorrogação;1;nom
propositura;1;nom
proporcionalidade;1;nom
proporcional;1;adj
propiciar;1;ver
propensão;1;nom
promovido;1;adj
promessa;1;nom
prolator;1;nom
projetar;1;ver
proibir;1;ver
progressão;1;nom
progressivo;1;adj
programa;1;nom
profundo;1;adj
proferir;1;ver
procuração;1;nom
procedimiento;1;nr
proceder;1;ver
probabilidade;1;nom
privilegios;1;nr
privacidade;1;nom
prioritário;1;adj
principiar;1;ver
primórdio;1;nom
primordial;1;adj
primado;1;nom
prevenção;1;nom
pretenso;1;adj
pretendido;1;adj
presídio;1;nom
prestação;1;nom
presidência;1;nom
presidiário;1;nom
preservado;1;adj
presença;1;nom
prescindir;1;ver
preparo;1;nom
preparação;1;nom
preocupar;1;ver
prenhe;1;adj
premissa;1;nom
premiais;1;nr
premiado;1;adj
premeditar;1;ver
prelecionar;1;ver
prejudicado;1;adj
preferir;1;ver
predominante;1;adj
predisposição;1;nom
predicado;1;nom
preconcepções;1;nr
preconceber;1;ver
potencializar;1;ver
postular;1;ver
postulado;1;nom
possuir;1;ver
posicionar;1;ver
porto;1;nom
portar;1;ver
populista;1;adj
população;1;nom
pontual;1;adj
ponta;1;nom
pons;1;nr
ponderado;1;adj
polo;1;nom
politicar;1;ver
polemicar;1;ver
poderoso;1;adj
pleitear;1;ver
plea;1;nr
plantão;1;nom
plano;1;nom
planejar;1;ver
piso;1;nom
pior;1;adj
pinto;1;nom
pintar;1;ver
piersack;1;nr
pieroth;1;nr
philippe;1;nr
petrolão;1;nr
petista;1;adj
pesssoal;1;nr
pesquisador;1;nom
pesquisa;1;nom
pertinente;1;adj
personificar;1;ver
perseguir;1;ver
perpassar;1;ver
pernicioso;1;adj
permanecer;1;ver
perigo;1;nom
periférico;1;adj
periculosidade;1;nom
pericial;1;adj
perene;1;adj
perdurar;1;ver
percebido;1;adj
pensamento;1;nom
pejorativo;1;adj
pedra;1;nom
peculiar;1;adj
pc;1;nr
paula;1;nom
patrocinar;1;ver
patente;1;nom
passu;1;nr
passivo;1;adj
passado;1;adj
parâmetro;1;nom
particularíssimas;1;nr
parlatório;1;nr
parir;1;ver
parcimônia;1;nom
parceria;1;nom
parar;1;ver
paranoico;1;nr
paradigmático;1;adj
paradeiro;1;nom
parabéns;1;nom
paolo;1;nom
panorama;1;nom
padrão;1;nom
pacto;1;nom
pacelli;1;nr
pablo;1;nom
over;1;nom
outubro;1;nom
outorgar;1;ver
out2;1;nr
out;1;nr
ostentar;1;ver
osmar;1;nom
ortodoxia;1;nom
orquestra;1;nom
orlandinho;1;nr
original;1;adj
ordenamento;1;nom
ordenado;1;adj
ops;1;nr
oportunizada;1;nr
opinar;1;ver
operar;1;ver
operandi;1;nr
opcao;1;nr
omitir;1;ver
omerta;1;nr
olhar;1;nom
ofuscar;1;ver
oficioso;1;adj
oficios;1;nr
ofertar;1;ver
ofendido;1;adj
ofender;1;ver
of;1;nr
odb;1;nr
ocupante;1;nom
ocultação;1;nom
ocultar;1;ver
ocasionado;1;adj
obstar;1;ver
obstante;1;adj
oblíquo;1;adj
objetividade;1;nom
objetivação;1;nom
objetivar;1;ver
núncio;1;nom
nítido;1;adj
nutrir;1;ver
nulo;1;adj
nueva;1;nr
nuclear;1;adj
nov;1;nr
notoriedade;1;nom
notar;1;ver
norte_americanos;1;nr
normativo;1;adj
non;1;nr
nomeante;1;adj
ninguem;1;nr
nicho;1;nom
nexo;1;nom
neutralität;1;nr
nereu;1;nr
nepor;1;nr
neoconstitucionalismo;1;nr
nelson;1;nom
negociar;1;ver
negocial;1;adj
nefi;1;nr
necessidade13;1;nr
necessario;1;nr
naõ;1;nr
münchen;1;nr
mítico;1;adj
mão;1;nom
mácula;1;nom
muuuuito;1;nr
municipal;1;adj
municao;1;nr
multidão;1;nom
mudança;1;nom
mta;1;nr
msg;1;nr
ms;1;nr
mpe;1;nr
movimento;1;nom
movimentado;1;adj
mourão;1;nom
moscardi;1;nr
morto;1;adj
morte;1;nom
morrer;1;ver
morel;1;nr
moralização;1;nom
moralidade;1;nom
moral;1;adj
montealegre;1;nr
monte;1;nom
montante;1;nom
monitorou;1;nr
monitoriados;1;nr
monitorava;1;nr
monitorando;1;nr
monitorados;1;nr
molde;1;nom
modéstia;1;nom
modus;1;nr
modificação;1;nom
modalidade;1;nom
misturar;1;ver
mistura;1;nom
mise_en_scène;1;nr
minuto;1;nom
minoria;1;nom
ministério;1;nom
ministerio;1;nr
min;1;nr
mimimi;1;nr
milícia;1;nom
mil_réis;1;nr
mignard;1;nr
midiático;1;nr
midiáticas;1;nr
midia;1;nr
michel;1;nom
metafísica;1;nom
meta;1;nom
mercadejados;1;nr
menção;1;nom
mentir;1;ver
mental;1;adj
menino;1;nom
melchior;1;nr
meditar;1;ver
meandro;1;nom
mdb;1;nr
maya;1;nr
may;1;nr
maunz_dürig;1;nr
mau;1;adj
materialidade;1;nom
matar;1;ver
massa;1;nom
martin;1;nom
marketing;1;nom
marinho;1;adj
margem;1;nom
marcio;1;nom
marcial;1;adj
marchand;1;nom
maquiar;1;ver
mantega;1;nr
manipuladamente;1;nr
manifesto;1;nom
manifestante;1;nom
manhã;1;nom
manha;1;nom
maneira;1;nom
mando;1;nom
mandato;1;nom
mancomunar;1;ver
malícia;1;nom
maluco;1;adj
maio;1;nom
magistratura;1;nom
madri;1;nom
macrocriminalidade;1;nr
lógica;1;nom
lxiii;1;nr
lvi;1;nr
lv;1;nr
lutar;1;ver
luta;1;nom
lucidez;1;nom
luce;1;nr
lotação;1;nom
lorena;1;nom
lopes;1;nom
londrino;1;adj
lograr;1;ver
localidade;1;nom
lixo;1;nom
livro;1;nom
liv;1;nr
link;1;nom
limpo;1;adj
limitação;1;nom
lills14;1;nr
liii;1;nr
libertad;1;nr
liberar;1;ver
letra;1;nom
lesão;1;nom
lesionado;1;adj
lenz;1;nr
lenha;1;nom
leite;1;nom
legitimação;1;nom
legitimar;1;ver
legislativo;1;adj
legislador;1;nom
le;1;nr
law;1;nr
laurita;1;nr
lastro;1;nom
laptop;1;nom
lamentável;1;adj
krug;1;nr
kommentar;1;nr
júlio;1;nom
justiçamento;1;nr
justificação;1;nom
justificado;1;adj
justicia;1;nr
just;1;nr
jurisdicionar;1;ver
juridico;1;nr
juntarao;1;nr
junho;1;nom
jungman;1;nr
jui;1;nr
jueces;1;nr
judicializadas;1;nr
judicante;1;adj
jr;1;nr
joão;1;nom
journal;1;nr
jose;1;nom
jornalístico;1;adj
john;1;nom
jobim;1;nom
joaquim;1;nom
jn;1;nr
jeanne;1;nom
jean_pierre;1;nr
je;1;nr
jbs;1;nr
janene;1;nr
janeiro;1;nom
jan;1;nr
itália;1;nom
item;1;nom
italiano;1;adj
itajaí;1;nom
isolado;1;adj
isenção;1;nom
isabel;1;nom
irreparável;1;adj
irrelevante;1;adj
irrefutável;1;adj
irmão;1;nom
inútil;1;adj
invocação;1;nom
investimento;1;nom
inverter;1;ver
invenção;1;nom
invalidação;1;nom
intrínseco;1;adj
introduzir;1;ver
introducción;1;nr
intrigante;1;adj
intitular;1;ver
intimidade;1;nom
intervenção;1;nom
intervalo;1;nom
interromper;1;ver
interpretação;1;nom
interpretar;1;ver
interpor;1;ver
interferência;1;nom
interferir;1;ver
interessado;1;adj
interc;1;nr
intencional;1;adj
intelectual;1;adj
inteiro;1;adj
insuperável;1;adj
insuficiência;1;nom
insuficiente;1;adj
instrumentalizada;1;nr
institucionalizar;1;ver
instauração;1;nom
instaurar;1;ver
instante;1;nom
inspiração;1;nom
inspirar;1;ver
insolúvel;1;adj
insistir;1;ver
inserir;1;ver
inquisitório;1;adj
inquietação;1;nom
inovação;1;nom
inovador;1;adj
innocent;1;nr
injustificável;1;adj
injuriar;1;ver
inimizade;1;nom
inidôneo;1;adj
iniciaram_se;1;nr
infrutífero;1;adj
infração;1;nom
infraero;1;nr
infos;1;nr
informativo;1;adj
informados18;1;nr
infirmar;1;ver
inferior;1;adj
infeliz;1;adj
infame;1;adj
inexistente;1;adj
inevitável;1;adj
inescusável;1;adj
individual;1;adj
indisponibilidade;1;nom
indignação;1;nom
indigitadas;1;nr
indiciária;1;nr
indeterminado;1;adj
indefinido;1;adj
indeferir;1;ver
indagação;1;nom
incólume;1;adj
incursão;1;nom
incriminação;1;nom
incriminador;1;adj
incorrer;1;ver
incontornável;1;adj
inconstitucionalidade;1;nom
inconsistente;1;adj
incompatível;1;adj
incompatibilidade;1;nom
inclusão;1;nom
inclinado;1;adj
incidir;1;ver
incentivar;1;ver
inaugurar;1;ver
imunidade;1;nom
imune;1;adj
impunidade;1;nom
impugnação;1;nom
impugnativa;1;nr
improcedente;1;adj
improbabilidade;1;nom
imprimir;1;ver
impressão;1;nom
impressionar;1;ver
impregnado;1;adj
imposição;1;nom
impopular;1;adj
implementação;1;nom
implementar;1;ver
implementación;1;nr
implantar;1;ver
impessoalidade;1;nom
impeachment;1;nom
impasse;1;nom
imparcialidad;1;nr
impacto;1;nom
imoral;1;adj
imitado;1;adj
imenso;1;adj
imbuir;1;ver
imaginar;1;ver
ilustre;1;adj
iludir;1;ver
ilmar;1;nr
iguaçu;1;nom
igualdade;1;nom
ignorado;1;adj
idiossincrasia;1;nom
ideológico;1;adj
identificado;1;adj
humildade;1;nom
horizonte;1;nom
horizontal;1;adj
honorário;1;adj
homem;1;nom
holístico;1;adj
hoje18;1;nr
hoffman;1;nom
hoc;1;nr
hipocrisia;1;nom
higidez;1;nom
hessick;1;nr
herta;1;nr
hermético;1;adj
henry;1;nom
hc502561440;1;nr
hastear;1;ver
hamilton;1;nom
hahahhahahaha;1;nr
haddad;1;nom
habeas;1;nr
gênero;1;nom
gz;1;nr
guimarães;1;nom
guido;1;nom
guerra;1;nom
guarujá;1;nom
grundrechte;1;nr
grundgesetz;1;nr
grobba;1;nr
grinover;1;nr
grieves;1;nr
greenwald;1;nr
greco;1;nr
graça;1;nom
gravar;1;ver
gravado;1;adj
grato;1;adj
governar;1;ver
gov;1;nr
gota;1;nom
gosto;1;nom
goolge;1;nr
globonews;1;nr
global;1;adj
glenn;1;nom
gleise;1;nr
giusto;1;nr
giacomolli;1;nr
gestão;1;nom
gerenciar;1;ver
gerar;1;ver
genérico;1;adj
generis;1;nr
gegenüber;1;nr
gebran;1;nr
gc;1;nr
gastar;1;ver
garzón;1;nr
garantido;1;adj
galvão;1;nom
gabrielli;1;nr
fórum;1;nom
fórmula;1;nom
féria;1;nom
fático_probatório;1;nr
futuro;1;adj
fundo;1;nom
fundação;1;nom
fundado;1;adj
funcionário;1;nom
frequência;1;nom
fraudulento;1;adj
fraude;1;nom
fraudar;1;ver
franqueara;1;nr
fragilização;1;nr
fraco;1;adj
foz;1;nom
foto;1;nom
formulação;1;nom
formar;1;ver
forca;1;nom
fone;1;nom
fogueira;1;nom
focar;1;ver
fl;1;nr
fita;1;nom
firmar;1;ver
financeiro;1;adj
filigrama;1;nr
figurino;1;nom
figurei;1;nr
figurar;1;ver
fichar;1;ver
ferrua;1;nr
ferramenta;1;nom
feroz;1;adj
fernanda;1;nom
feixe;1;nom
federação;1;nom
fecho;1;nom
fechar;1;ver
fechado;1;adj
feb;1;nr
faísca;1;nom
favretto;1;nr
favorito;1;adj
fascista;1;adj
farto;1;adj
fama;1;nom
falhar;1;ver
faculdade;1;nom
exógeno;1;adj
extraterritorialidade;1;nom
extraprocessuais;1;nr
extraordinário;1;adj
extrajudicial;1;adj
externalizei;1;nr
expressivo;1;adj
expresión;1;nr
exploração;1;nom
experimento;1;nom
expedirem;1;nr
expansivo;1;adj
expandir;1;ver
exonerar;1;ver
exministros;1;nr
exmembros;1;nr
exigência;1;nom
exercido;1;adj
execrável;1;adj
excludente;1;adj
exceção;1;nom
excessivo;1;adj
excerto;1;nom
excepcionalidade;1;nr
exaurir;1;ver
exagero;1;nom
exacerbado;1;adj
ex_procurador;1;nr
ex_ministros;1;nr
ex_ministro_da_justiça;1;nr
ex_ministra;1;nr
ex_membros;1;nr
ex_diretor;1;nr
ex_deputado;1;nr
ex_chefe;1;nr
ex_assessora;1;nr
evolução;1;nom
evoluir;1;ver
evasão;1;nom
eugênio;1;nom
esvaziado;1;adj
estudo;1;nom
estruturar;1;ver
estrutural;1;adj
estrutura;1;nom
estrito;1;adj
estreia;1;nom
estratégico;1;adj
estranho;1;adj
estrangeiro;1;adj
estrago;1;nom
estipular;1;ver
estadual;1;adj
esquivar;1;ver
esquadrão;1;nom
espontaneidade;1;nom
espetaculoso;1;adj
espetacularização;1;nr
esperado;1;adj
especialista;1;nom
espanhois;1;nr
espaco;1;nr
esgotar;1;ver
esforço;1;nom
escândalo;1;nom
escuta;1;nom
escuso;1;adj
escusar;1;ver
escancaramento;1;nr
escancarado;1;adj
escalar;1;ver
esbarrar;1;ver
equilíbrio;1;nom
eproc;1;nr
enviesar;1;ver
entrelinha;1;nom
entrega;1;nom
ensejar;1;ver
ensaio;1;nom
enriquecimento;1;nom
enredo;1;nom
enjambradas;1;nr
engano;1;nom
enfraquecer;1;ver
energia;1;nom
encerrado;1;adj
encarregar;1;ver
encaminhamento;1;nom
encadeamento;1;nom
empréstimo;1;nom
empresário;1;nom
empresarial;1;adj
empreiteiro;1;nom
empoderando;1;nr
empoderada;1;nr
embasará;1;nr
embasar;1;ver
embasamento;1;nom
embargo;1;nom
embaraço;1;nom
emaranhado;1;adj
elucidativo;1;adj
eliminar;1;ver
eliana;1;nom
elevação;1;nom
elencando;1;nr
el;1;nr
eficácia;1;nom
efetuar;1;ver
efetividade;1;nom
efetivar;1;ver
efervescência;1;nom
efeito_surpresa;1;nr
eduardo;1;nom
edição;1;nom
editorial;1;adj
editor;1;nom
editar;1;ver
edicoes;1;nr
economia;1;nom
eclodir;1;ver
dvd;1;nr
duro;1;adj
duração;1;nom
duplicação;1;nom
dupla;1;nom
droussy;1;nr
dps;1;nr
doutrinário;1;adj
dotar;1;ver
dono;1;nom
dominar;1;ver
doleiro;1;nom
documental;1;adj
dje_258;1;nr
dje_107;1;nr
dje_054;1;nr
divisão;1;nom
dividir;1;ver
diversionismo;1;nr
divergir;1;ver
divergente;1;adj
ditar;1;ver
ditame;1;nom
ditadura;1;nom
distância;1;nom
distribuição;1;nom
distinguir;1;ver
distanz;1;nr
distanciamento;1;nom
dissimulado;1;adj
disposicao;1;nr
dispos;1;nr
dispor;1;ver
dispensar;1;ver
discordar;1;ver
disciplinador;1;adj
diretor_geral;1;nr
diretor;1;nom
dinâmico;1;adj
diminuto;1;adj
diligenciar;1;ver
dificil;1;nr
diego;1;nom
dianteiro;1;adj
dezena;1;nom
dezembro;1;nom
devolver;1;ver
deve_se;1;nr
deturpação;1;nom
detentor;1;nom
detalhado;1;adj
desvirtuação;1;nom
desvendar;1;ver
destruição;1;nom
destituir;1;ver
destinatário;1;nom
destaque;1;nom
destacado;1;adj
desprotegido;1;adj
despontar;1;ver
despido;1;adj
despiciendo;1;adj
desperdício;1;nom
despacho;1;nom
desnudar;1;ver
desnecessidade;1;nom
desmembramento;1;nom
deslegitimação;1;nr
desinteressado;1;adj
designar;1;ver
desequilibrar;1;ver
desenvolvido;1;adj
desempenhar;1;ver
desejo;1;nom
desejar;1;ver
desejado;1;adj
desdobrar;1;ver
descumprir;1;ver
desculpar;1;ver
desculpa;1;nom
descuido;1;nom
descreveríamos;1;nr
desconstituído;1;nr
desconstituídas;1;nr
desconforto;1;nom
desconfiança;1;nom
desconectada;1;nr
descomedimentos;1;nr
descobrir;1;ver
descabido;1;adj
desbordam;1;nr
desapreço;1;nom
desapercebido;1;adj
desaperceber;1;ver
desacreditar;1;ver
desacerto;1;nom
des;1;nr
derrapar;1;ver
derivado;1;nom
deputado;1;nom
depreender;1;ver
depalma;1;nr
denunciaremos;1;nr
denso;1;adj
denotativo;1;adj
denotador;1;nr
denegação;1;nom
denegatório;1;adj
denegar;1;ver
denegado;1;nr
den;1;nr
demonstração;1;nom
demarcação;1;nom
demarcar;1;ver
deliberar;1;ver
delegado;1;nom
delcidio;1;nr
degravação;1;nr
degravar;1;nr
deflagração;1;nom
deflagrar;1;ver
defensoria;1;nom
dedicação;1;nom
dedicar;1;ver
decretações;1;nr
declinação;1;nom
decidido;1;adj
decano;1;nom
debatido;1;adj
debater;1;ver
de13;1;nr
daubler_gmelin;1;nr
datar;1;ver
dano;1;nom
dagua;1;nr
câmara;1;nom
cármen;1;nr
cárcere;1;nom
cáceres;1;nom
curto;1;adj
curitiba_pr;1;nr
curiosidade;1;nom
curinga;1;nom
cumplicidade;1;nom
culminar;1;ver
crível;1;adj
cronograma;1;nom
crivo;1;nom
cristiano;1;nom
cristalino;1;adj
crise;1;nom
criminalização;1;nom
criminalidade;1;nom
crença;1;nom
costurar;1;ver
corréu;1;nr
corrupto;1;adj
corriqueiro;1;adj
corrigir;1;ver
corregedor;1;nom
correaque;1;nr
corpus;1;nom
cordero;1;nr
cordeiro;1;nom
copiar;1;ver
convicto;1;adj
convicting;1;nr
converter;1;ver
conversação;1;nom
conversarem11;1;nr
conversar;1;ver
convencional;1;adj
convencimento;1;nom
contínuo;1;adj
conturbado;1;adj
contundente;1;adj
controvérsia;1;nom
controverter;1;ver
controverso;1;adj
controlar;1;ver
controlador;1;nom
contribuir;1;ver
contrato;1;nom
contraprestação;1;nom
contraponto;1;nom
contradição;1;nom
conto;1;nom
contingência;1;nom
continente;1;nom
contextualização;1;nom
conteudo;1;nr
contestar;1;ver
contenção;1;nom
contente;1;adj
conta;1;nom
consumação;1;nom
consumar;1;ver
consulta;1;nom
consuetudinário;1;adj
construção;1;nom
constitucionalidade;1;nom
consolidar;1;ver
consistência;1;nom
conseguissemos;1;nr
consciente;1;adj
conluio;1;nom
conjuntural;1;adj
congratulação;1;nom
congratular;1;ver
congonha;1;nom
conglobante;1;nr
confundir;1;ver
confrontar;1;ver
confortar;1;ver
conflito;1;nom
conflitar;1;ver
confirmatório;1;adj
configurador;1;adj
confessar;1;ver
confabular;1;ver
conducoes;1;nr
conditio;1;nr
condicionar;1;ver
concretização;1;nom
conchavam;1;nr
concessa;1;nr
concepção;1;nom
concentração;1;nom
conceito;1;nom
comércio;1;nom
comunitário;1;adj
comprovação;1;nom
compromisso;1;nom
comprometimento;1;nom
comprometido;1;adj
comprometer;1;ver
compreensão;1;nom
comprar;1;ver
composto;1;nom
complexo;1;adj
completo;1;adj
complemento;1;nom
complementação;1;nom
complacência;1;nom
competir;1;ver
compartilhamento;1;nom
comparecimento;1;nom
comparar;1;ver
começo;1;nom
começar;1;ver
comandar;1;ver
colombia;1;nr
collor;1;nom
coletivo;1;adj
coletividade;1;nom
colateral;1;adj
colarinho;1;nom
coitado;1;adj
coincidência;1;nom
coincidir;1;ver
coerção;1;nom
coerente;1;adj
cobre;1;nom
cobrar;1;ver
coator;1;nr
coadunar;1;ver
coacusado;1;nr
coacao;1;nr
clássico;1;adj
cliente_advogado;1;nr
clarividente;1;adj
ciudad;1;nr
circunstancial;1;adj
circulação;1;nom
cinismo;1;nom
cingir;1;ver
cinge_se;1;nr
científico;1;adj
cientificar;1;ver
cidadania;1;nom
christophe;1;nom
chocar;1;ver
chocado;1;adj
checar;1;ver
chancelar;1;ver
chance;1;nom
cf_oab;1;nr
certeza;1;nom
cerne;1;nom
cercar;1;ver
centralismo;1;nom
centena;1;nom
censurar;1;ver
censura;1;nom
cena;1;nom
cemitério;1;nom
celeridade;1;nom
ccf;1;nr
cautela;1;nom
catálogo;1;nom
catenacci;1;nr
categórico;1;adj
catanduvas;1;nr
casu;1;nr
castillo;1;nr
cassação;1;nom
cassassan;1;nr
cassar;1;ver
casar;1;ver
carácter;1;nom
carregar;1;ver
carmem;1;nom
cara;1;nom
capaz;1;adj
candidatura;1;nom
caminhar;1;ver
calçar;1;ver
calmon;1;nom
cair;1;ver
café;1;nom
cafe;1;nr
cadeia;1;nom
cabo;1;nom
bverfge;1;nr
burmann;1;nr
bruxelas;1;nom
bruce;1;nr
britto;1;nom
brilhante;1;adj
brigham;1;nr
brigar;1;ver
brasília_df;1;nr
brandir;1;ver
branco;1;adj
bourdon;1;nr
borogodó;1;nr
bomfim;1;nr
bom18;1;nr
bnds;1;nr
bndes;1;nr
bloco;1;nom
bizarro;1;adj
bittencourt;1;nr
bitencourt;1;nr
binder;1;nr
bernardo;1;nom
beltrán;1;nr
belo;1;adj
beck;1;nr
bd;1;nr
batalha;1;nom
bastidor;1;nom
baseado;1;adj
barra;1;nom
bargaining;1;nr
band;1;nr
banca;1;nom
baltasar;1;nom
balcão;1;nom
balança;1;nom
bailar;1;ver
bachmaier;1;nr
ba;1;nr
aéreo;1;adj
azeitar;1;nr
azar;1;ver
avocação;1;nom
avocar;1;ver
avistar;1;ver
aventura;1;nom
avaliar;1;ver
aval;1;nom
autônomo;1;adj
autoria;1;nom
autor;1;nom
autointitulavam;1;nr
autenticidade;1;nom
ausente;1;adj
aury;1;nr
atípico;1;adj
atrativo;1;adj
atrair;1;ver
ativismo;1;nom
atentatório;1;adj
atentar;1;ver
atentado;1;nom
atemporal;1;adj
assumido;1;adj
associação;1;nom
associar;1;ver
assinante;1;nom
assessoria;1;nom
assertiva;1;nom
assemelhar;1;ver
arts;1;nr
artista;1;nom
arroubo;1;nom
arrosta;1;nr
arrolar;1;ver
arresto;1;nom
arrepio;1;nom
arrecadar;1;ver
arranjo;1;nom
armenta;1;nr
argüição;1;nom
ardiloso;1;adj
arantes;1;nom
aqui_cf;1;nr
apurado;1;adj
aptar;1;ver
aproveitar;1;ver
aprofundo;1;nr
aprofundado;1;adj
apreço;1;nom
aprender;1;ver
apreciar;1;ver
apontado;1;adj
aplicável;1;adj
aplicado;1;adj
apertado;1;adj
apartamento;1;nom
aparente;1;adj
aparentar;1;ver
aparelho;1;nom
aparamentar;1;ver
anônimo;1;adj
antónio;1;nom
antigo;1;adj
antena;1;nom
antemão;1;nom
antecipação;1;nom
antecipassem;1;nr
antagônico;1;adj
anormalidade;1;nom
animosidade;1;nom
andrew;1;nom
andrei;1;nom
and;1;nr
ancilar;1;nr
amplificar;1;ver
ampliativos;1;nr
americano;1;adj
amedrontar;1;ver
ambiente;1;nom
ambiental;1;adj
amanhar;1;ver
altura;1;nom
alto;1;adj
alternativo;1;adj
alternar;1;ver
alternado;1;adj
alteração;1;nom
alterar;1;ver
alongar;1;ver
alinhamento;1;nom
alimentar;1;ver
aliança;1;nom
aliado;1;nom
algumasquestão;1;nr
alguem;1;nr
algar;1;nr
alertar;1;ver
alemão;1;adj
alemanha;1;nom
alegre;1;adj
alegante;1;nr
alcançar;1;ver
alcançado;1;adj
alcance;1;nom
alastrar;1;ver
alaor;1;nr
ajuizado;1;adj
agu;1;nr
agrquarto;1;nr
agressivo;1;adj
agreguemos;1;nr
agr_quarto;1;nr
agasalho;1;nom
afligir;1;ver
afirmação;1;nom
afirmacao;1;nr
afetado;1;adj
aferível;1;adj
afeição;1;nom
adv;1;nr
adoção;1;nom
admissibilidade;1;nom
administração;1;nom
administrativo;1;adj
administrar;1;ver
administrador;1;nom
adjetivar;1;ver
adivinhar;1;ver
adequado;1;adj
ad_hoc;1;nr
ad;1;nr
acumular;1;ver
acumulado;1;adj
acrescentar;1;ver
acreditar;1;ver
acordado;1;adj
aconselhar;1;ver
aconselhamento;1;nom
acomunados;1;nr
acolhimento;1;nom
acoimado;1;nr
acobertar;1;ver
acervo;1;nom
acerto;1;nom
acarretar;1;ver
acalmar;1;ver
abusar;1;ver
abundante;1;adj
absolvição;1;nom
absolver;1;ver
abril;1;nom
abranger;1;ver
abrangente;1;adj
56_72;1;nr
555_extn_terceira_agr;1;nr
435_quarto_agr;1;nr
35s;1;nr
31luciano;1;nr
313_341;1;nr
2p;1;nr
27_10_2020;1;nr
26_10_2020;1;nr
26_03_2019;1;nr
22_05_2019;1;nr
21_052019;1;nr
1min;1;nr
1i;1;nr
19_03_2014;1;nr
18_03_2014;1;nr
185_191;1;nr
17h;1;nr
16_18;1;nr
159_160;1;nr
149_150;1;nr
13_16;1;nr
130_qo;1;nr
10_09_2020;1;nr
10_092020;1;nr
074_qo;1;nr