magistrado;61;nom
suspeição;51;nom
paciente;43;nom
habeas_corpus;43;nr
penal;42;adj
hc;41;nr
decisão;38;nom
pr;36;nr
art;35;nr
fato;30;nom
stf;29;nr
jurisdicional;29;adj
processo;28;nom
ato;26;nom
elaboração;25;nom
via;24;nom
juiz;24;nom
instância;24;nom
julgar;23;ver
auto;23;nom
agravo;23;nom
ministro;22;nom
juízo;22;nom
impetração;22;nom
estar;21;ver
direito;21;nom
cf;21;nr
processual;20;adj
jurídico;19;adj
imparcialidade;19;nom
federal;19;adj
respeito;18;nom
regimental;18;adj
proferido;18;adj
judicial;18;adj
defesa;18;nom
cpp;18;nr
atuação;18;nom
tribunal;17;nom
próprio;17;adj
parcialidade;17;nom
medida;17;nom
interceptação;17;nom
eventual;17;adj
dia;17;nom
competência;17;nom
ação;17;nom
recurso;16;nom
ordem;16;nom
corte;16;nom
turma;15;nom
razão;15;nom
parte;15;nom
modo;15;nom
matéria;15;nom
julgamento;15;nom
exceção;15;nom
causa;15;nom
sentido;14;nom
provimento;14;nom
mesmo;14;adj
alegação;14;nom
advogado;14;nom
telefônico;13;adj
supressão;13;nom
interesse;13;nom
caso;13;nom
autoridade;13;nom
referido;12;adj
quebra;12;nom
prever;12;ver
stj;11;nr
prova;11;nom
precedente;11;adj
praticar;11;ver
pena;11;nom
operação;11;nom
momento;11;nom
garantia;11;nom
fundamental;11;adj
constitucional;11;adj
argumento;11;nom
alegado;11;adj
órgão;10;nom
voto;10;nom
prisão;10;nom
ocorrer;10;ver
limite;10;nom
legal;10;adj
julgador;10;nom
judiciário;10;adj
indicativo;10;nom
impetrantes;10;nr
conhecimento;10;nom
bem;10;nom
ausência;10;nom
análise;10;nom
ver;9;ver
trf_4;9;nr
terminal;9;nom
suspeito;9;adj
subjetivo;9;adj
sigilo;9;nom
relator;9;nom
rel;9;nr
questionar;9;ver
objeto;9;nom
meio;9;nom
informação;9;nom
ilegalidade;9;nom
forma;9;nom
exarar;9;ver
contexto;9;nom
agr;9;nr
acordo;9;nom
técnica;8;nom
termo;8;nom
só;8;adj
revelar;8;ver
recursal;8;adj
público;8;adj
pretensão;8;nom
presidente;8;nom
presente;8;nom
possível;8;adj
observância;8;nom
lava_jato;8;nr
impugnação;8;nom
fundamento;8;nom
expor;8;ver
especial;8;adj
determinado;8;adj
destacar;8;ver
dar;8;ver
cumprimento;8;nom
crime;8;nom
conteúdo;8;nom
conjunto;8;nom
configurar;8;ver
condução;8;nom
circunstância;8;nom
autorização;8;nom
anterior;8;adj
tema;7;nom
superior;7;adj
sede;7;nom
reconhecer;7;ver
procedimento;7;nom
probatório;7;adj
pleito;7;nom
normativo;7;adj
negar;7;ver
necessário;7;adj
mérito;7;nom
inviabilidade;7;nom
inicial;7;adj
indicar;7;ver
incompetência;7;nom
ilegal;7;adj
grau;7;nom
fático;7;adj
fundamentar;7;ver
exercício;7;nom
examinar;7;ver
exame;7;nom
ex_presidente;7;nr
devido;7;adj
considerar;7;ver
conhecer;7;ver
conclusão;7;nom
coercitivo;7;adj
assentar;7;ver
admitir;7;ver
acórdão;7;nom
áudio;6;nom
voltar;6;ver
verificar;6;ver
tratar;6;ver
súmula;6;nom
resposta;6;nom
respectivo;6;adj
república;6;nom
recorrente;6;adj
questão;6;nom
prestar;6;ver
premiar;6;ver
ponto;6;nom
pertencente;6;adj
ordinário;6;adj
ordenamento;6;nom
ofício;6;nom
obstante;6;adj
luz;6;nom
lei;6;nom
justiça;6;nom
jurisdição;6;nom
interceptar;6;ver
impedimento;6;nom
hipótese;6;nom
familiar;6;adj
escritório;6;nom
encontrar;6;ver
eleito;6;adj
divulgação;6;nom
denúncia;6;nom
demonstrar;6;ver
constrangimento;6;nom
consideração;6;nom
conduta;6;nom
colaboração;6;nom
cautelar;6;adj
caber;6;ver
base;6;nom
arguição;6;nr
adequado;6;adj
supremo;5;adj
suposto;5;adj
soltura;5;nom
sentença;5;nom
rhc;5;nr
relevante;5;adj
relação;5;nom
regional;5;adj
reconhecimento;5;nom
realizar;5;ver
proteção;5;nom
princípio;5;nom
preventivo;5;adj
pretérito;5;adj
posterior;5;adj
possibilidade;5;nom
policial;5;adj
petição;5;nom
permitir;5;ver
pedir;5;ver
pedido;5;nom
partir;5;ver
parcial;5;adj
origem;5;nom
necessidade;5;nom
justificar;5;ver
jurisprudência;5;nom
integrar;5;ver
instrução;5;nom
indicação;5;nom
incidente;5;nom
impossibilidade;5;nom
fático_probatório;5;nr
formular;5;ver
flagrante;5;adj
fatos_novos;5;nr
extraordinário;5;adj
exigir;5;ver
excesso;5;nom
estabelecer;5;ver
empresa;5;nom
elemento;5;nom
eleitoral;5;adj
efeito;5;nom
diverso;5;adj
desembargador;5;nom
decorrência;5;nom
declaração;5;nom
decidir;5;ver
cumprir;5;ver
criminal;5;adj
convite;5;nom
contrário;5;adj
controvertido;5;adj
contraditório;5;adj
conhecido;5;adj
confundir;5;ver
concluir;5;ver
cognitivo;5;adj
atribuir;5;ver
atividade;5;nom
atingir;5;ver
acusar;5;ver
writ;4;nom
visão;4;nom
vez;4;nom
vara;4;nom
testemunha;4;nom
tese;4;nom
tender;4;ver
sérgio;4;nom
suscitado;4;adj
subseção;4;nom
sistema;4;nom
salientar;4;ver
responsabilidade;4;nom
relacionar;4;ver
relacionado;4;adj
regime;4;nom
ramal;4;nom
prévio;4;adj
prover;4;ver
prestação;4;nom
pressuposto;4;nom
pressupor;4;ver
prejudicar;4;ver
plano;4;nom
passível;4;adj
papel;4;nom
palestra;4;nom
ofensa;4;nom
ocasião;4;nom
observar;4;ver
morar;4;ver
mero;4;adj
mendes;4;nom
manifestação;4;nom
locomoção;4;nom
lils;4;nr
jornalístico;4;adj
inviável;4;adj
investigação;4;nom
investigativo;4;adj
interrogatório;4;nom
intenção;4;nom
inquérito;4;nom
inimizade;4;nom
inexistência;4;nom
inexistir;4;ver
indício;4;nom
incursão;4;nom
implicar;4;ver
impedir;4;ver
gilmar;4;nom
excipiente;4;nom
específico;4;adj
escorreito;4;adj
episódio;4;nom
entendimento;4;nom
enfatizar;4;ver
eminente;4;adj
elencados;4;nr
documento;4;nom
doc;4;nr
determinar;4;ver
desempenhar;4;ver
deferimento;4;nom
declinar;4;ver
declarar;4;ver
decidido;4;adj
curitiba;4;nom
controlo;4;nom
constituir;4;ver
constatar;4;ver
conferir;4;ver
conduzir;4;ver
condenação;4;nom
compreensão;4;nom
coator;4;nr
caráter;4;nom
captar;4;ver
autorizado;4;adj
are;4;nom
apto;4;adj
aptar;4;ver
aprofundado;4;adj
antecedente;4;adj
amplo;4;adj
aforar;4;ver
afirmar;4;ver
advocacia;4;nom
adotado;4;adj
aceitação;4;nom
acadêmico;4;adj
zavascki;3;nom
vir;3;ver
violação;3;nom
verificação;3;nom
verdadeiro;3;adj
validade;3;nom
valer;3;ver
usurpação;3;nom
tocante;3;adj
titularizado;3;nr
teori;3;nr
telefone;3;nom
sustentar;3;ver
sumário;3;adj
suficiente;3;adj
substituto;3;nom
submetido;3;adj
submeter;3;ver
sp;3;nr
significar;3;ver
seguinte;3;adj
réu;3;nom
rogério;3;nom
revolvimento;3;nom
revisão;3;nom
retratar;3;ver
ressaltar;3;ver
responsável;3;adj
reputado;3;adj
rememoro;3;nr
relatório;3;nom
rejeitar;3;ver
regra;3;nom
registro;3;nom
registrar;3;ver
reexame;3;nom
redução;3;nom
realização;3;nom
reabertura;3;nom
publicar;3;ver
prático;3;adj
propósito;3;nom
proferir;3;ver
produzir;3;ver
preservação;3;nom
pessoal;3;adj
pertinência;3;nom
perspectiva;3;nom
persecução;3;nom
perda;3;nom
paulo;3;nom
palavra;3;nom
originário;3;adj
oportunidade;3;nom
ocupar;3;ver
obediência;3;nom
nulidade;3;nom
noticiar;3;ver
norma;3;nom
natureza;3;nom
motivo;3;nom
motivar;3;ver
monocrático;3;adj
molde;3;nom
material;3;nom
manutenção;3;nom
manter;3;ver
mandar;3;ver
lúcia;3;nom
liminar;3;nom
liberdade;3;nom
levantamento;3;nom
juntar;3;ver
irresignação;3;nr
intermédio;3;nom
instruir;3;ver
injusto;3;adj
indevido;3;adj
independente;3;adj
indeferir;3;ver
incidência;3;nom
inadmissibilidade;3;nom
impugnar;3;ver
imprensa;3;nom
importante;3;adj
imperioso;3;adj
impeditivo;3;adj
ii;3;nr
idôneo;3;adj
histórico;3;adj
grave;3;adj
garantido;3;adj
fundamentação;3;nom
fossar;3;ver
figura;3;nom
favreto;3;nr
favor;3;nom
fase;3;nom
fachin;3;nr
existência;3;nom
evento;3;nom
estrito;3;adj
estreito;3;adj
eleger;3;ver
eficiência;3;nom
edson;3;nom
ed;3;nr
diálogo;3;nom
discutir;3;ver
dimensão;3;nom
dilma;3;nr
diligência;3;nom
determinação;3;nom
desiderato;3;nom
denotar;3;ver
demonstração;3;nom
debate;3;nom
cármen;3;nr
constatação;3;nom
constante;3;adj
consignar;3;ver
consequência;3;nom
condenatório;3;adj
condenar;3;ver
concreto;3;adj
colegiado;3;adj
colaborador;3;nom
coação;3;nom
chegar;3;ver
cargo;3;nom
capital;3;nom
campo;3;nom
artigo;3;nom
apreciado;3;adj
aplicar;3;ver
antecipação;3;nom
ano;3;nom
analisar;3;ver
almejar;3;ver
alcançar;3;ver
alcançado;3;adj
agravar;3;ver
afastar;3;ver
abuso;3;nom
ânimo;2;nom
âmbito;2;nom
vislumbrar;2;ver
visar;2;ver
violência;2;nom
vincular;2;ver
vigente;2;adj
viciar;2;ver
vedação;2;nom
unido;2;adj
tutela;2;nom
trânsito;2;nom
trazer;2;ver
trago;2;nom
tipificação;2;nom
texto;2;nom
terceiro;2;nom
teixeira;2;nom
sustentação;2;nom
superveniente;2;adj
substrato;2;nom
sr;2;nr
situação;2;nom
simples;2;adj
senhor;2;nom
semiaberto;2;nr
segurança;2;nom
seguida;2;nom
saudoso;2;adj
sanável;2;adj
revista;2;nom
retirar;2;ver
resultado;2;nom
restar;2;ver
remédio;2;nom
remeter;2;ver
remediar;2;ver
remanescente;2;adj
relevância;2;nom
refutar;2;ver
reforçar;2;ver
reforma;2;nom
referência;2;nom
referente;2;adj
reclamação;2;nom
reclamar;2;ver
reclamante;2;nom
recebimento;2;nom
receber;2;ver
rcl;2;nr
quo;2;nr
pré_constituídas;2;nr
providência;2;nom
propiciar;2;ver
pronto;2;adj
prolação;2;nom
prolator;2;nom
produção;2;nom
processar;2;ver
proceder;2;ver
principal;2;adj
prevenção;2;nom
pretender;2;ver
preclusão;2;nom
preceituar;2;ver
prazo;2;nom
postura;2;nom
posto;2;adj
posição;2;nom
pontuar;2;ver
político;2;adj
poder_judiciário;2;nr
plantonista;2;nom
pesquisa;2;nom
período;2;nom
perseguir;2;ver
persecutório;2;adj
perquirir;2;ver
particular;2;adj
participar;2;ver
parlamentar;2;nom
par;2;nom
palocci;2;nr
ordenado;2;adj
oral;2;adj
opção;2;nom
oposto;2;adj
olvidar;2;ver
oitiva;2;nom
ofertar;2;ver
observação;2;nom
objetivo;2;nom
objectivo;2;nom
notório;2;adj
nação;2;nom
narrativo;2;nom
mínimo;2;adj
mpf;2;nr
monitoramento;2;nom
ministro_da_justiça;2;nr
mencionado;2;adj
maya;2;nr
martins;2;nom
marcar;2;ver
manifestar;2;ver
machado;2;nom
lxviii;2;nr
lula;2;nom
limitação;2;nom
levar;2;ver
lesão;2;nom
legítimo;2;adj
legislador;2;nom
lastro;2;nom
lado;2;nom
iv;2;nr
itália;2;nom
irrestrito;2;adj
irregularidade;2;nom
investigar;2;ver
intimação;2;nom
interrupção;2;nom
interpretação;2;nom
interpor;2;ver
instrumento;2;nom
insistir;2;ver
informativo;2;adj
influência;2;nom
inerente;2;adj
indireto;2;adj
independência;2;nom
inadequado;2;adj
imputável;2;adj
imputar;2;ver
imputado;2;adj
impulsionar;2;ver
improvido;2;nr
improcedência;2;nom
imposto;2;nom
impor;2;ver
ilícito;2;adj
iii;2;nr
identificar;2;ver
hostilizar;2;ver
horizonte;2;nom
hora;2;nom
homologação;2;nom
heterodoxo;2;adj
guarda;2;nom
governo;2;nom
gerar;2;ver
geral;2;adj
função;2;nom
funcionar;2;ver
funcional;2;adj
força;2;nom
firmar;2;ver
finalidade;2;nom
final;2;nom
filho;2;nom
figurar;2;ver
fazê;2;nr
extrair;2;ver
externar;2;ver
externalização;2;nr
exploração;2;nom
exordial;2;nr
exercido;2;adj
exercer;2;ver
exemplo;2;nom
excerto;2;nom
exato;2;adj
ex;2;nr
evitar;2;ver
evidenciar;2;ver
estatal;2;adj
essencial;2;adj
espacialidade;2;nom
escolha;2;nom
esclarecer;2;ver
envolvido;2;adj
envolver;2;ver
ensejo;2;nom
ementa;2;nom
edcl;2;nr
dupla;2;nom
documental;2;adj
dje;2;nr
discussão;2;nom
disciplinado;2;adj
direção;2;nom
direto;2;adj
desvelar;2;ver
desprover;2;ver
desfecho;2;nom
desfavorável;2;adj
desfavor;2;nom
desenvolver;2;ver
descrito;2;adj
derradeiramente;2;nr
depender;2;ver
denominar;2;ver
denegado;2;nr
democrático;2;adj
delimitar;2;ver
deliberado;2;adj
deixar;2;ver
deflagrar;2;ver
definitivo;2;adj
defensivo;2;adj
deduzir;2;ver
decretação;2;nom
decisório;2;adj
data;2;nom
culpabilidade;2;nom
cuidar;2;ver
cotidiano;2;adj
corrupção;2;nom
correto;2;adj
conveniência;2;nom
contextualização;2;nom
constituinte;2;nom
consistir;2;ver
confirmar;2;ver
confiança;2;nom
concessão;2;nom
concernir;2;ver
comprometido;2;adj
complexidade;2;nom
comentar;2;ver
colocar;2;ver
colhido;2;adj
colação;2;nom
cognição;2;nom
coatora;2;nr
cnpj;2;nr
citar;2;ver
citado;2;adj
certo;2;adj
caracterizar;2;ver
beneplacitados;2;nr
bangalore;2;nr
baliza;2;nom
autônomo;2;adj
autuar;2;ver
autor;2;nom
audiência;2;nom
atuar;2;ver
atribuição;2;nom
atrair;2;ver
atlas;2;nom
atinente;2;adj
assinar;2;ver
aspecto;2;nom
arguido;2;nom
apoiador;2;adj
aplicação;2;nom
antônio;2;nom
antagônico;2;adj
andré;2;nom
ameaça;2;nom
aludir;2;ver
alterar;2;ver
alcance;2;nom
agrg;2;nr
aferir;2;ver
adotar;2;ver
administrador;2;nom
acrescentar;2;ver
acompanhar;2;ver
acarretar;2;ver
único;1;adj
último;1;adj
óptico;1;adj
óbice;1;nom
íntegro;1;nom
índole;1;nom
ética;1;nom
xxxvi;1;nr
xliii;1;nr
xlii;1;nr
xeque;1;nom
vínculo;1;nom
vício;1;nom
vulneração;1;nr
vulnerados;1;nr
votação;1;nom
votar;1;ver
vontade;1;nom
voltado;1;adj
volta;1;nom
vocação;1;nom
vista;1;nom
violar;1;ver
vinculação;1;nom
viabilizar;1;ver
versão;1;nom
valioso;1;adj
vaga;1;adj
utilizar;1;ver
uso;1;nom
unodc;1;nr
uno;1;adj
universalizável;1;adj
unidade;1;nom
ultrapassar;1;ver
título;1;nom
típico;1;adj
técnico;1;nom
tutelar;1;adj
turno;1;nom
tráfico;1;nom
trocar;1;ver
traçar;1;ver
tratamento;1;nom
tratado;1;nom
transcrever;1;ver
tramitar;1;ver
traduzir;1;ver
tortura;1;nom
tornar;1;ver
toffoli;1;nr
titularizava;1;nr
titularizados;1;nr
titularidade;1;nom
testemunhal;1;adj
terrorismo;1;nom
teratologia;1;nom
teoria;1;nom
teor;1;nom
tentativa;1;nom
tensão;1;nom
tendencioso;1;adj
temática;1;nom
telemático;1;adj
telefonicamente;1;nr
tela;1;nom
tecido;1;adj
tecer;1;ver
tarefa;1;nom
tanger;1;ver
sólido;1;adj
sítio;1;nom
síntese;1;nom
série;1;nom
sustará;1;nr
suspenso;1;adj
surgir;1;ver
suprir;1;ver
suporte;1;nom
supor;1;ver
superação;1;nom
sumariar;1;ver
sumariado;1;nr
suma;1;nom
sugerir;1;ver
sucinto;1;adj
sucessivo;1;adj
subsidiar;1;ver
subsequente;1;adj
subscritora;1;nr
subscrever;1;ver
subprincípio;1;nr
sublinhar;1;ver
subjazer;1;ver
subjacente;1;adj
souza;1;nom
sondagem;1;nom
solução;1;nom
solicitado;1;adj
social;1;adj
sobredito;1;adj
sinônimo;1;nom
sintonia;1;nom
singular;1;adj
simultâneo;1;adj
similaridade;1;nom
similar;1;adj
sigiloso;1;adj
sexual;1;adj
sessão;1;nom
servir;1;ver
sepúlveda;1;nom
separado;1;adj
sentenciar;1;ver
semana;1;nom
seleção;1;nom
seletividade;1;nom
seguir;1;ver
segregação;1;nom
se_trata;1;nr
se_faz;1;nr
se_admite;1;nr
sarmento;1;nom
sanção;1;nom
salário;1;nom
salvaguardar;1;ver
sabido;1;adj
rousseff;1;nr
rompimento;1;nom
rol;1;nom
ristf;1;nr
rio;1;nom
rigoroso;1;adj
ricardo;1;nom
revisional;1;adj
retrospectivo;1;nom
retorno;1;nom
retenção;1;nom
resultar;1;ver
responder;1;ver
respeitado;1;adj
resguardar;1;ver
requisito;1;nom
requerer;1;ver
reputar;1;ver
republicano;1;nom
reprovável;1;adj
representação;1;nom
representar;1;ver
reportar;1;ver
reportagem;1;nom
repiso;1;nr
repercussão;1;nom
remessa;1;nom
remediação;1;nr
relatoria;1;nr
relacionamento;1;nom
rejeitá_la;1;nr
reiteração;1;nom
reiterar;1;ver
regência;1;nom
regularidade;1;nom
região;1;nom
reformado;1;adj
refogem;1;nr
reflexo;1;adj
reexaminar;1;ver
reduzido;1;adj
redesignar;1;nr
recusar;1;ver
recusante;1;nom
recomendar;1;ver
recolocar;1;ver
recobrar;1;ver
reclusiva;1;nr
rechaçar;1;ver
recepção;1;nom
recepcionar;1;ver
realidade;1;nom
real;1;adj
racismo;1;nom
racionalidade;1;nom
questionamento;1;nom
queixa_crime;1;nr
qualificado;1;adj
quadro;1;nom
pátrio;1;adj
publicação;1;nom
próximo;1;adj
pré_processual;1;nr
pré_julgado;1;nr
pré_constituída;1;nr
provocar;1;ver
provisório;1;adj
protocolização;1;nr
protocolizado;1;nr
proporcionar;1;ver
proporcionalidade;1;nom
proporcional;1;adj
promoção;1;nom
promover;1;ver
prolatar;1;ver
prol;1;nom
projeção;1;nom
profissional;1;adj
procurador;1;nom
processo_crime;1;nr
processamento;1;nom
procedência;1;nom
privação;1;nom
prisma;1;nom
primevo;1;nr
primariedade;1;nom
previsão;1;nom
previsto;1;adj
previsibilidade;1;nom
prevento;1;nr
pretendido;1;adj
pressão;1;nom
presidência;1;nom
prerrogativa;1;nom
preliminar;1;adj
prejudicado;1;adj
predisposição;1;nom
predeterminado;1;adj
precário;1;adj
preconizar;1;ver
precoce;1;adj
preciso;1;adj
preceito;1;nom
potencial;1;nom
postergar;1;ver
possuir;1;ver
positivo;1;adj
população;1;nom
ponderação;1;nom
polo;1;nom
plenário;1;nom
pleno;1;adj
pleitear;1;ver
plebiscitária;1;nr
pgr;1;nr
pf;1;nr
perverso;1;adj
pertinente;1;adj
pertencer;1;ver
persistência;1;nom
perscrutação;1;nr
perquirição;1;nr
perdurar;1;ver
pendente;1;adj
pena_base;1;nr
peculiar;1;adj
passo;1;nom
passivo;1;adj
passar;1;ver
passado;1;adj
parêntese;1;nom
parâmetro;1;nom
participação;1;nom
parcela;1;nom
paraná;1;nom
pacífico;1;adj
original;1;adj
orientação;1;nom
organização;1;nom
organizado;1;adj
ordenar;1;ver
oportuno;1;adj
opor;1;ver
opinião_pública;1;nr
onu;1;nr
oficiante;1;nom
oficcio;1;nr
oferecer;1;ver
ocorrente;1;adj
obter;1;ver
obstáculo;1;nom
obrigação;1;nom
obra;1;nom
objurgada;1;nr
objetividade;1;nom
número;1;nom
nunc;1;nr
nucci;1;nr
novo;1;adj
novel;1;adj
notícia;1;nom
nota;1;nom
neutro;1;adj
neutralidade;1;nom
natural;1;adj
narrado;1;adj
nacional;1;adj
múnus;1;nom
mãos_limpas;1;nr
máximo;1;adj
mundo;1;nom
movimentação;1;nom
motivação;1;nom
moraes;1;nom
modificação;1;nom
mister;1;nom
missão;1;nom
ministério;1;nom
merecer;1;ver
mello;1;nom
marcha;1;nom
manejo;1;nom
manejar;1;ver
maneira;1;nom
lugar;1;nom
lotado;1;adj
longo;1;adj
local;1;nom
livro;1;nom
livre;1;adj
literário;1;adj
listar;1;ver
link;1;nom
linde;1;nom
limitar;1;ver
limitado;1;adj
lide;1;nom
licitude;1;nom
lewandowski;1;nr
levante;1;nom
levantar;1;ver
leitura;1;nom
lecionar;1;ver
lançar;1;ver
justificado;1;adj
judicatura;1;nom
judicante;1;adj
joaquim;1;nom
jf;1;nr
janeiro;1;nom
isenção;1;nom
isentar;1;ver
irrepreensível;1;adj
inépcia;1;nom
invocar;1;ver
investigatório;1;adj
investigado;1;adj
invasiva;1;nr
intérprete;1;nom
intinar;1;ver
interromper;1;ver
interpretar;1;ver
interposição;1;nom
interferência;1;nom
intensidade;1;nom
integridade;1;nom
insurgência;1;nom
instrutório;1;adj
instrumentaliza;1;nr
instituto;1;nom
instituição;1;nom
instauração;1;nom
instaurar;1;ver
inserir;1;ver
inquirição;1;nom
inquirir;1;ver
injuriar;1;ver
ingresso;1;nom
infraconstitucional;1;adj
informaçõesao;1;nr
infirmação;1;nr
inferir;1;ver
inferior;1;adj
inevitável;1;adj
inescapável;1;adj
inepto;1;adj
indução;1;nom
individualização;1;nom
indissociável;1;adj
indispensabilidade;1;nom
indicado;1;adj
indeterminação;1;nom
independer;1;ver
incursione;1;nr
incorreção;1;nom
incontornável;1;adj
incoativa;1;nr
inclinar;1;ver
incerteza;1;nom
incapacidade;1;nom
inaugural;1;adj
inapto;1;adj
imunidade;1;nom
impune;1;adj
impulso;1;nom
impugnáveis;1;nr
impróprio;1;adj
impropriedade;1;nom
impressão;1;nom
imprescindível;1;adj
imposição;1;nom
importar;1;ver
implementação;1;nom
implementar;1;ver
impetrar;1;ver
impessoalidade;1;nom
impender;1;ver
imediato;1;adj
ilustrativo;1;adj
ilegitimidade;1;nom
igual;1;adj
idoneidade;1;nom
identificado;1;adj
humano;1;adj
humanitário;1;adj
honra;1;nom
homicídio;1;nom
homenagem;1;nom
heterocomposição;1;nr
guilherme;1;nom
guia;1;nom
guedes;1;nom
gravoso;1;adj
gradação;1;nom
glosar;1;ver
garantir;1;ver
fórum;1;nom
fático_probatória;1;nr
fundo;1;nom
funcionamento;1;nom
fuga;1;nom
fruto;1;nom
frisar;1;ver
fracionário;1;adj
forte;1;adj
fortalecer;1;ver
foro;1;nom
formalidade;1;nom
forense;1;adj
foragido;1;adj
foco;1;nom
fixação;1;nom
fixar;1;ver
firme;1;adj
finalizar;1;ver
figurado;1;adj
ficar;1;ver
ferramenta;1;nom
fenômeno;1;nom
favorável;1;adj
faltar;1;ver
falta;1;nom
falso;1;adj
falecimento;1;nom
falecido;1;adj
falar;1;ver
faculdade;1;nom
face;1;nom
exógeno;1;adj
extravasamento;1;nom
extrato;1;nom
externadas;1;nr
extensão;1;nom
extenso;1;adj
expresso;1;adj
explícito;1;adj
explicitar;1;ver
expectativa;1;nom
existente;1;adj
exercitar;1;ver
execução;1;nom
executar;1;ver
excepcional;1;adj
exaurir;1;ver
ex_juiz;1;nr
estágio;1;nom
estrutura;1;nom
estranho;1;adj
estipulação;1;nom
estar_se_ia;1;nr
estampar;1;ver
estado_juiz;1;nr
estabilizar;1;ver
estabilidade;1;nom
estabelecido;1;adj
espécie;1;nom
espraiaram;1;nr
especializar;1;ver
esgotar;1;ver
escuta;1;nom
escrutínio;1;nom
escrito;1;nom
escrever;1;ver
esbarrar;1;ver
equivocidade;1;nom
equivocar;1;ver
equilíbrio;1;nom
equação;1;nom
epicentro;1;nom
entorpecente;1;adj
ensinamento;1;nom
ensejadora;1;nr
enfoque;1;nom
enfocar;1;ver
empecilho;1;nom
ementado;1;nr
embate;1;nom
elucidação;1;nom
elevado;1;adj
eletrônico;1;adj
elencadas;1;nr
elencada;1;nr
eleição;1;nom
eficácia;1;nom
editar;1;ver
droga;1;nom
doutrina;1;nom
dosimetria;1;nr
doloso;1;adj
dj;1;nr
divergência;1;nom
ditame;1;nom
distrito;1;nom
distribuição;1;nom
distribuir;1;ver
distinção;1;nom
dissipar;1;ver
disposto;1;adj
dispor;1;ver
disciplinar;1;ver
disciplina;1;nom
dirimir;1;ver
dirigir;1;ver
direcionar;1;adj
dilema;1;nom
digno;1;adj
dicotomia;1;nom
dezembro;1;nom
devolução;1;nom
detrimento;1;nom
detração;1;nom
deter;1;ver
detectar;1;ver
desvirtuar;1;ver
desvio;1;nom
destruição;1;nom
destituir;1;ver
destaque;1;nom
desrespeito;1;nom
despótico;1;adj
desprovimento;1;nom
desproteger;1;ver
despeito;1;nom
despacho;1;nom
designar;1;ver
desenvolvido;1;adj
desenhar;1;ver
desejar;1;ver
descumprimento;1;nom
descritivo;1;adj
desconstituir;1;nr
desconhecer;1;ver
desconformidade;1;nom
descabendo;1;nr
descabe;1;nr
desbordo;1;nr
desarrazoar;1;ver
desafio;1;nom
desacordo;1;nom
desacerto;1;nom
deputado;1;nom
depreender;1;ver
denunciar;1;ver
demorar;1;ver
democracia;1;nom
demandar;1;ver
delito;1;nom
delinear;1;ver
delimitação;1;nom
delatado;1;adj
definição;1;nom
definir;1;ver
definido;1;adj
defender;1;ver
dedicar;1;ver
decreto;1;nom
decretar;1;ver
decorrer;1;nom
debilitado;1;adj
debater;1;ver
daniel;1;nom
curso;1;nom
culpa;1;nom
crítico;1;nom
crítica;1;nom
criá_la;1;nr
critério;1;nom
criminalização;1;nom
criança;1;nom
cpc;1;nr
corréus;1;nr
correspondência;1;nom
corresponder;1;ver
corregedoria;1;nom
corpo;1;nom
corolário;1;nom
convidar;1;ver
convicção;1;nom
conversação;1;nom
controvérsia;1;nom
contribuir;1;ver
contratar;1;ver
contrariedade;1;nom
contrariar;1;ver
contraposto;1;adj
continuar;1;ver
contido;1;adj
conter;1;ver
contenção;1;nom
contemplar;1;ver
contar;1;ver
contaminar;1;ver
conta;1;nom
consultoria;1;nom
consubstanciariam;1;nr
consubstanciar;1;ver
construção;1;nom
constar;1;ver
consolidado;1;adj
conselho;1;nom
consectários;1;nr
consciente;1;adj
configuração;1;nom
confiar;1;ver
confiabilidade;1;nom
condão;1;nom
condição;1;nom
concretização;1;nom
concorrido;1;adj
concorrer;1;ver
conciliar;1;ver
conceder;1;ver
comum;1;adj
comprovar;1;ver
compromisso;1;nom
comprometer;1;ver
comprobatório;1;adj
compreender;1;ver
composição;1;nom
comportamento;1;nom
compor;1;ver
completo;1;adj
competir;1;ver
competente;1;adj
companhia;1;nom
comissão;1;nom
comentário;1;nom
combate;1;nom
comando;1;nom
colidir;1;ver
colher;1;ver
coletivo;1;adj
colegiada;1;nom
colarinho;1;nom
coisa;1;nom
coincidência;1;nom
cogitar;1;ver
coerência;1;nom
cobertura;1;nom
coberto;1;adj
claro;1;adj
citação;1;nom
circunscrever;1;ver
cidadão;1;nom
certificado;1;nom
cerimonial;1;nom
cenário;1;nom
centrar;1;ver
celular;1;adj
celso;1;nom
celeuma;1;nom
ceder;1;ver
casu;1;nr
carreada;1;nr
carecer;1;ver
caracterização;1;nom
caracterizador;1;adj
campanha;1;nom
calha;1;nom
cadastro;1;nom
cabível;1;adj
cabimento;1;nom
buscar;1;ver
busca;1;nom
brasília;1;nom
brasileiro;1;adj
brasil;1;nom
brando;1;adj
branco;1;adj
bom;1;adj
beneficiar;1;ver
belo;1;adj
baseado;1;adj
barbosa;1;nom
aviar;1;ver
avesso;1;adj
avaliação;1;nom
autorreferência;1;nr
autorizar;1;ver
autonomia;1;nom
automático;1;adj
autenticidade;1;nom
atual;1;adj
atenção;1;nom
atender;1;ver
assinalar;1;ver
assertiva;1;nom
assentada;1;nom
arts;1;nr
arrolaram;1;nr
argüir;1;ver
arguições;1;nr
aresp;1;nr
arbítrio;1;nom
arbitrário;1;adj
arbitrariedade;1;nom
apuração;1;nom
apurar;1;ver
apropriado;1;adj
aprofundamento;1;nom
apresentado;1;adj
apreensão;1;nom
apreciação;1;nom
apontamento;1;nom
aplicável;1;adj
aplicá_las;1;nr
aplicá;1;nr
apartar;1;ver
aparente;1;adj
anuir;1;ver
anotar;1;ver
angariar;1;ver
analisado;1;adj
amplificar;1;ver
amparar;1;ver
amolde;1;nr
amoldam;1;nr
ambiência;1;nom
ambiente;1;nom
alínea;1;nom
alvo;1;adj
alteração;1;nom
almejado;1;adj
alexandre;1;nom
alegar;1;ver
alargamento;1;nom
agravante;1;nom
agendar;1;ver
afirmação;1;nom
afeto;1;adj
afastamento;1;nom
advir;1;ver
aduzir;1;ver
adolescente;1;adj
administração;1;nom
adimplemento;1;nom
adicionar;1;ver
adiantar;1;ver
adiamento;1;nom
acusação;1;nom
acusatório;1;adj
acostar;1;ver
acobertar;1;ver
acervo;1;nom
acerto;1;nom
aceitar;1;ver
acautelatórias;1;nr
abrigo;1;nom