"V1";"V2";"V3";"V4";"V5";"V6"
"***";"nb classes";"4";"***";"";""
"**";"classe";"1";"**";"";""
"****";"157";"678";"23.16";"****";""
"35";" 49";" 71.43";"69.17";"paciente";"9.052099e-17"
"21";" 27";" 77.78";"47.15";"curitiba";"6.583316e-12"
"20";" 25";" 80.00";"47.13";"federal";"6.626528e-12"
"23";" 33";" 69.70";"42.23";"operação";"8.135036e-11"
"33";" 57";" 57.89";"42.20";"sérgio";"8.222823e-11"
"15";" 17";" 88.24";"41.50";"vara";"1.176857e-10"
"23";" 37";" 62.16";"33.46";"ex_juiz";"7.266331e-09"
"32";" 62";" 51.61";"31.05";"magistrado";"2.508565e-08"
"14";" 19";" 73.68";"28.05";"prisão";"1.184226e-07"
"18";" 29";" 62.07";"25.78";"auto";"3.825963e-07"
"20";" 34";" 58.82";"25.59";"lava_jato";"4.220647e-07"
"37";" 82";" 45.12";"25.29";"morar";"4.924117e-07"
"11";" 14";" 78.57";"24.67";"pr";"6.803795e-07"
"29";" 59";" 49.15";"24.54";"decisão";"7.265885e-07"
"16";" 25";" 64.00";"24.33";"membro";"8.096306e-07"
"21";" 38";" 55.26";"23.32";"ação";"1.370849e-06"
" 8";"  9";" 88.89";"22.15";"proferido";"2.524557e-06"
" 8";"  9";" 88.89";"22.15";"chamado";"2.524557e-06"
"14";" 22";" 63.64";"20.94";"força_tarefa";"4.741894e-06"
"13";" 20";" 65.00";"20.28";"utilizar";"6.698258e-06"
" 6";"  6";"100.00";"20.09";"spoofing";"7.393595e-06"
" 7";"  8";" 87.50";"18.84";"cumprimento";"1.424862e-05"
" 8";" 10";" 80.00";"18.43";"turma";"1.762063e-05"
"18";" 34";" 52.94";"17.85";"condução";"2.395520e-05"
" 5";"  5";"100.00";"16.72";"mês";"4.342182e-05"
"15";" 27";" 55.56";"16.59";"destacar";"4.643518e-05"
" 9";" 13";" 69.23";"15.81";"depoimento";"6.994867e-05"
" 7";"  9";" 77.78";"15.29";"absoluto";"9.205422e-05"
"10";" 16";" 62.50";"14.25";"fase";"1.596474e-04"
"19";" 40";" 47.50";"14.16";"mesmo";"1.681951e-04"
" 9";" 14";" 64.29";"13.59";"sentença";"2.274074e-04"
" 9";" 14";" 64.29";"13.59";"adotar";"2.274074e-04"
" 9";" 14";" 64.29";"13.59";"manter";"2.274074e-04"
" 4";"  4";"100.00";"13.35";"seguir";"2.580560e-04"
" 4";"  4";"100.00";"13.35";"prolação";"2.580560e-04"
" 4";"  4";"100.00";"13.35";"processar";"2.580560e-04"
" 5";"  6";" 83.33";"12.32";"hc";"4.482403e-04"
" 5";"  6";" 83.33";"12.32";"hipótese";"4.482403e-04"
" 5";"  6";" 83.33";"12.32";"acesso";"4.482403e-04"
" 5";"  6";" 83.33";"12.32";"início";"4.482403e-04"
" 9";" 15";" 60.00";"11.70";"reconhecer";"6.243764e-04"
"10";" 18";" 55.56";"10.91";"juntar";"9.574455e-04"
" 7";" 11";" 63.64";"10.30";"órgão";"1.332650e-03"
"12";" 24";" 50.00";"10.08";"estratégia";"1.502501e-03"
" 3";"  3";"100.00";"10.00";"superior";"1.565691e-03"
" 3";"  3";"100.00";"10.00";"lewandowski";"1.565691e-03"
" 3";"  3";"100.00";"10.00";"celebrar";"1.565691e-03"
" 3";"  3";"100.00";"10.00";"extremo";"1.565691e-03"
" 3";"  3";"100.00";"10.00";"subseção";"1.565691e-03"
" 3";"  3";"100.00";"10.00";"notório";"1.565691e-03"
" 3";"  3";"100.00";"10.00";"evidência";"1.565691e-03"
" 3";"  3";"100.00";"10.00";"espúrio";"1.565691e-03"
" 3";"  3";"100.00";"10.00";"espontâneo";"1.565691e-03"
" 3";"  3";"100.00";"10.00";"cooperação";"1.565691e-03"
" 3";"  3";"100.00";"10.00";"colhido";"1.565691e-03"
"14";" 30";" 46.67";" 9.75";"acordo";"1.792995e-03"
" 6";"  9";" 66.67";" 9.70";"âmbito";"1.838630e-03"
" 6";"  9";" 66.67";" 9.70";"obtido";"1.838630e-03"
" 6";"  9";" 66.67";" 9.70";"ano";"1.838630e-03"
" 5";"  7";" 71.43";" 9.26";"examinar";"2.339106e-03"
" 5";"  7";" 71.43";" 9.26";"produção";"2.339106e-03"
" 5";"  7";" 71.43";" 9.26";"manifestação";"2.339106e-03"
" 4";"  5";" 80.00";" 9.15";"premiar";"2.491491e-03"
" 4";"  5";" 80.00";" 9.15";"histórico";"2.491491e-03"
" 4";"  5";" 80.00";" 9.15";"colher";"2.491491e-03"
" 4";"  5";" 80.00";" 9.15";"antecipar";"2.491491e-03"
" 4";"  5";" 80.00";" 9.15";"propósito";"2.491491e-03"
" 4";"  5";" 80.00";" 9.15";"curso";"2.491491e-03"
"12";" 25";" 48.00";" 9.00";"atuação";"2.694684e-03"
"15";" 34";" 44.12";" 8.84";"próprio";"2.949322e-03"
" 9";" 17";" 52.94";" 8.69";"sigilo";"3.193648e-03"
"38";"113";" 33.63";" 8.36";"juiz";"3.842507e-03"
"12";" 26";" 46.15";" 8.04";"conversa";"4.585719e-03"
" 8";" 15";" 53.33";" 7.85";"verificar";"5.081479e-03"
"19";" 48";" 39.58";" 7.83";"prova";"5.128025e-03"
" 6";" 10";" 60.00";" 7.74";"colaboração";"5.392569e-03"
"13";" 30";" 43.33";" 7.18";"stf";"7.366209e-03"
" 5";"  8";" 62.50";" 7.04";"realização";"7.960541e-03"
" 5";"  8";" 62.50";" 7.04";"vir";"7.960541e-03"
" 7";" 13";" 53.85";" 7.02";"investigado";"8.080471e-03"
"14";" 34";" 41.18";" 6.53";"investigação";"1.059379e-02"
" 4";"  6";" 66.67";" 6.44";"voto";"1.115484e-02"
" 4";"  6";" 66.67";" 6.44";"jurisdicional";"1.115484e-02"
" 4";"  6";" 66.67";" 6.44";"cautelar";"1.115484e-02"
" 4";"  6";" 66.67";" 6.44";"fundamentar";"1.115484e-02"
"11";" 25";" 44.00";" 6.34";"medida";"1.182032e-02"
" 6";" 11";" 54.55";" 6.19";"probatório";"1.283852e-02"
" 3";"  4";" 75.00";" 6.08";"habeas_corpus";"1.368948e-02"
" 3";"  4";" 75.00";" 6.08";"relator";"1.368948e-02"
" 3";"  4";" 75.00";" 6.08";"levantamento";"1.368948e-02"
" 3";"  4";" 75.00";" 6.08";"apresentação";"1.368948e-02"
" 3";"  4";" 75.00";" 6.08";"liminar";"1.368948e-02"
" 3";"  4";" 75.00";" 6.08";"pré_processual";"1.368948e-02"
" 3";"  4";" 75.00";" 6.08";"manutenção";"1.368948e-02"
" 3";"  4";" 75.00";" 6.08";"manipulação";"1.368948e-02"
" 3";"  4";" 75.00";" 6.08";"lugar";"1.368948e-02"
" 3";"  4";" 75.00";" 6.08";"investigador";"1.368948e-02"
" 3";"  4";" 75.00";" 6.08";"inquérito";"1.368948e-02"
" 3";"  4";" 75.00";" 6.08";"conexão";"1.368948e-02"
" 8";" 17";" 47.06";" 5.60";"parecer";"1.797408e-02"
" 8";" 17";" 47.06";" 5.60";"justificar";"1.797408e-02"
" 5";"  9";" 55.56";" 5.38";"conteúdo";"2.036096e-02"
" 5";"  9";" 55.56";" 5.38";"uso";"2.036096e-02"
" 5";"  9";" 55.56";" 5.38";"diverso";"2.036096e-02"
" 5";"  9";" 55.56";" 5.38";"época";"2.036096e-02"
" 5";"  9";" 55.56";" 5.38";"sugerir";"2.036096e-02"
"12";" 30";" 40.00";" 5.00";"coercitivo";"2.527981e-02"
" 6";" 12";" 50.00";" 4.95";"país";"2.613595e-02"
" 6";" 12";" 50.00";" 4.95";"posição";"2.613595e-02"
" 8";" 18";" 44.44";" 4.71";"ministro";"3.000028e-02"
" 4";"  7";" 57.14";" 4.59";"manifestar";"3.213368e-02"
" 4";"  7";" 57.14";" 4.59";"mencionar";"3.213368e-02"
" 4";"  7";" 57.14";" 4.59";"preso";"3.213368e-02"
" 4";"  7";" 57.14";" 4.59";"familiar";"3.213368e-02"
"10";" 25";" 40.00";" 4.14";"acusação";"4.191632e-02"
" 5";" 10";" 50.00";" 4.11";"ressaltar";"4.262635e-02"
" 5";" 10";" 50.00";" 4.11";"parcialidade";"4.262635e-02"
" 5";" 10";" 50.00";" 4.11";"judiciário";"4.262635e-02"
" 6";" 13";" 46.15";" 3.94";"ponto";"4.716639e-02"
" 7";" 16";" 43.75";" 3.91";"verdadeiro";"4.812726e-02"
" 3";"  5";" 60.00";" 3.84";"negar";"4.996415e-02"
" 3";"  5";" 60.00";" 3.84";"produzir";"4.996415e-02"
" 3";"  5";" 60.00";" 3.84";"nulidade";"4.996415e-02"
" 3";"  5";" 60.00";" 3.84";"indicativo";"4.996415e-02"
" 3";"  5";" 60.00";" 3.84";"triplex";"4.996415e-02"
" 3";"  5";" 60.00";" 3.84";"trf";"4.996415e-02"
" 3";"  5";" 60.00";" 3.84";"testemunha";"4.996415e-02"
" 3";"  5";" 60.00";" 3.84";"fevereiro";"4.996415e-02"
" 3";"  5";" 60.00";" 3.84";"divulgar";"4.996415e-02"
" 3";"  5";" 60.00";" 3.84";"defensivo";"4.996415e-02"
" 3";"  5";" 60.00";" 3.84";"apreender";"4.996415e-02"
"14";" 39";" 35.90";" 3.78";"judicial";"5.202068e-02"
" 4";"  8";" 50.00";" 3.28";"último";"7.020110e-02"
" 4";"  8";" 50.00";" 3.28";"condenatório";"7.020110e-02"
" 4";"  8";" 50.00";" 3.28";"reclamante";"7.020110e-02"
" 4";"  8";" 50.00";" 3.28";"real";"7.020110e-02"
" 4";"  8";" 50.00";" 3.28";"legislação";"7.020110e-02"
"11";" 30";" 36.67";" 3.22";"processual";"7.275231e-02"
" 2";"  3";" 66.67";" 3.21";"sp";"7.337185e-02"
" 2";"  3";" 66.67";" 3.21";"impetrar";"7.337185e-02"
" 2";"  3";" 66.67";" 3.21";"preliminar";"7.337185e-02"
" 2";"  3";" 66.67";" 3.21";"incompetência";"7.337185e-02"
" 2";"  3";" 66.67";" 3.21";"valoração";"7.337185e-02"
" 2";"  3";" 66.67";" 3.21";"técnica";"7.337185e-02"
" 2";"  3";" 66.67";" 3.21";"relatar";"7.337185e-02"
" 2";"  3";" 66.67";" 3.21";"lavra";"7.337185e-02"
" 2";"  3";" 66.67";" 3.21";"desembargador";"7.337185e-02"
" 2";"  3";" 66.67";" 3.21";"decretação";"7.337185e-02"
" 2";"  3";" 66.67";" 3.21";"culpabilidade";"7.337185e-02"
" 2";"  3";" 66.67";" 3.21";"ameaça";"7.337185e-02"
" 2";"  3";" 66.67";" 3.21";"significado";"7.337185e-02"
" 2";"  3";" 66.67";" 3.21";"santo";"7.337185e-02"
" 2";"  3";" 66.67";" 3.21";"rodrigues";"7.337185e-02"
" 2";"  3";" 66.67";" 3.21";"requerer";"7.337185e-02"
" 2";"  3";" 66.67";" 3.21";"relativo";"7.337185e-02"
" 2";"  3";" 66.67";" 3.21";"problema";"7.337185e-02"
" 2";"  3";" 66.67";" 3.21";"intinar";"7.337185e-02"
" 2";"  3";" 66.67";" 3.21";"instalar";"7.337185e-02"
" 2";"  3";" 66.67";" 3.21";"iniciativa";"7.337185e-02"
" 2";"  3";" 66.67";" 3.21";"facilitar";"7.337185e-02"
" 2";"  3";" 66.67";" 3.21";"diligência";"7.337185e-02"
" 2";"  3";" 66.67";" 3.21";"desenvolver";"7.337185e-02"
" 2";"  3";" 66.67";" 3.21";"denotar";"7.337185e-02"
" 2";"  3";" 66.67";" 3.21";"decretar";"7.337185e-02"
" 2";"  3";" 66.67";" 3.21";"concessão";"7.337185e-02"
" 2";"  3";" 66.67";" 3.21";"avaliação";"7.337185e-02"
" 2";"  3";" 66.67";" 3.21";"atribuir";"7.337185e-02"
" 2";"  3";" 66.67";" 3.21";"aplicativo";"7.337185e-02"
" 2";"  3";" 66.67";" 3.21";"aguardar";"7.337185e-02"
" 7";" 17";" 41.18";" 3.18";"edoc";"7.444862e-02"
" 5";" 11";" 45.45";" 3.12";"praticar";"7.713110e-02"
" 5";" 11";" 45.45";" 3.12";"condenação";"7.713110e-02"
" 5";" 11";" 45.45";" 3.12";"março";"7.713110e-02"
"20";" 63";" 31.75";" 2.88";"fato";"8.969356e-02"
" 9";" 24";" 37.50";" 2.88";"forma";"8.986616e-02"
" 7";" 18";" 38.89";" 2.57";"quebra";"1.087671e-01"
" 6";" 15";" 40.00";" 2.45";"determinar";"1.178477e-01"
" 3";"  6";" 50.00";" 2.45";"trecho";"1.174189e-01"
" 3";"  6";" 50.00";" 2.45";"consistir";"1.174189e-01"
" 3";"  6";" 50.00";" 2.45";"sustentar";"1.174189e-01"
" 3";"  6";" 50.00";" 2.45";"favor";"1.174189e-01"
" 3";"  6";" 50.00";" 2.45";"soltura";"1.174189e-01"
" 3";"  6";" 50.00";" 2.45";"região";"1.174189e-01"
" 3";"  6";" 50.00";" 2.45";"prévio";"1.174189e-01"
" 3";"  6";" 50.00";" 2.45";"odebrecht";"1.174189e-01"
" 3";"  6";" 50.00";" 2.45";"extensão";"1.174189e-01"
" 5";" 12";" 41.67";" 2.35";"realizar";"1.251009e-01"
" 4";"  9";" 44.44";" 2.32";"ilegalidade";"1.274771e-01"
" 4";"  9";" 44.44";" 2.32";"seguinte";"1.274771e-01"
" 4";"  9";" 44.44";" 2.32";"atuar";"1.274771e-01"
" 4";"  9";" 44.44";" 2.32";"receber";"1.274771e-01"
" 4";"  9";" 44.44";" 2.32";"procedimento";"1.274771e-01"
"*****";"*";"*";"*";"*";"*"
" 13";" 19";"68.42";"22.51";"13";"2.092562e-06"
"  9";" 14";"64.29";"13.59";"primeiro";"2.274074e-04"
"123";"461";"26.68";"10.06";"em";"1.517894e-03"
" 21";" 57";"36.84";" 6.55";"ainda";"1.048560e-02"
"  9";" 19";"47.37";" 6.44";"após";"1.115803e-02"
" 10";" 22";"45.45";" 6.35";"segundo";"1.171526e-02"
"  3";"  4";"75.00";" 6.08";"8";"1.368948e-02"
"  3";"  4";"75.00";" 6.08";"2015";"1.368948e-02"
" 12";" 29";"41.38";" 5.65";"qual";"1.741723e-02"
" 20";" 56";"35.71";" 5.41";"sobre";"2.002327e-02"
"121";"472";"25.64";" 5.37";"o";"2.053057e-02"
" 72";"260";"27.69";" 4.88";"por";"2.722831e-02"
"  5";" 10";"50.00";" 4.11";"acercar";"4.262635e-02"
"  3";"  5";"60.00";" 3.84";"7000";"4.996415e-02"
"  3";"  5";"60.00";" 3.84";"vário";"4.996415e-02"
"  3";"  5";"60.00";" 3.84";"totalmente";"4.996415e-02"
"  2";"  3";"66.67";" 3.21";"08";"7.337185e-02"
"  2";"  3";"66.67";" 3.21";"quatro";"7.337185e-02"
"  2";"  3";"66.67";" 3.21";"intensamente";"7.337185e-02"
"  6";" 14";"42.86";" 3.12";"sob";"7.743064e-02"
" 10";" 27";"37.04";" 3.04";"4";"8.099675e-02"
" 14";" 42";"33.33";" 2.61";"todo";"1.064567e-01"
"  7";" 18";"38.89";" 2.57";"diante";"1.087671e-01"
"  3";"  6";"50.00";" 2.45";"excepto";"1.174189e-01"
" 13";" 39";"33.33";" 2.41";"sem";"1.206747e-01"
"153";"645";"23.72";" 2.37";"de";"1.233792e-01"
"  5";" 12";"41.67";" 2.35";"tempo";"1.251009e-01"
"  4";"  9";"44.44";" 2.32";"desde";"1.274771e-01"
"  4";"  9";"44.44";" 2.32";"menos";"1.274771e-01"
"  4";"  9";"44.44";" 2.32";"si";"1.274771e-01"
"132";"542";"24.35";" 2.18";"a";"1.399067e-01"
"*";"*";"*";"*";"*";"*"
"**";"classe";"2";"**";"";""
"****";"85";"678";"12.54";"****";""
"14";"24";" 58.33";"47.59";"político";"5.254439e-12"
"11";"20";" 55.00";"33.89";"interesse";"5.838335e-09"
" 4";" 4";"100.00";"28.07";"vazamento";"1.169152e-07"
" 4";" 4";"100.00";"28.07";"inadequado";"1.169152e-07"
" 4";" 4";"100.00";"28.07";"excipiente";"1.169152e-07"
"17";"47";" 36.17";"25.72";"lula";"3.939505e-07"
" 3";" 3";"100.00";"21.02";"miller";"4.539375e-06"
" 3";" 3";"100.00";"21.02";"doutor";"4.539375e-06"
" 3";" 3";"100.00";"21.02";"candidato";"4.539375e-06"
" 3";" 3";"100.00";"21.02";"campanha";"4.539375e-06"
" 4";" 5";" 80.00";"20.91";"contexto";"4.819888e-06"
" 5";" 8";" 62.50";"18.43";"apontar";"1.762433e-05"
" 5";" 8";" 62.50";"18.43";"petrobras";"1.762433e-05"
"18";"62";" 29.03";"16.93";"magistrado";"3.870866e-05"
" 9";"22";" 40.91";"16.69";"afirmar";"4.395488e-05"
" 4";" 6";" 66.67";"16.18";"desvio";"5.772189e-05"
" 4";" 6";" 66.67";"16.18";"preventivo";"5.772189e-05"
" 4";" 6";" 66.67";"16.18";"finalidade";"5.772189e-05"
" 4";" 6";" 66.67";"16.18";"perceber";"5.772189e-05"
" 6";"12";" 50.00";"15.64";"política";"7.677177e-05"
" 6";"12";" 50.00";"15.64";"bem";"7.677177e-05"
" 6";"12";" 50.00";"15.64";"demonstrar";"7.677177e-05"
" 5";" 9";" 55.56";"15.39";"comportamento";"8.727381e-05"
" 3";" 4";" 75.00";"14.32";"recurso";"1.544340e-04"
" 3";" 4";" 75.00";"14.32";"luís";"1.544340e-04"
" 3";" 4";" 75.00";"14.32";"defensor";"1.544340e-04"
" 3";" 4";" 75.00";"14.32";"atribuição";"1.544340e-04"
"11";"33";" 33.33";"13.68";"ex_presidente";"2.165237e-04"
" 7";"17";" 41.18";"13.04";"claro";"3.043261e-04"
" 9";"25";" 36.00";"13.03";"atuação";"3.061987e-04"
" 5";"10";" 50.00";"12.99";"eleitoral";"3.129695e-04"
" 5";"10";" 50.00";"12.99";"colocar";"3.129695e-04"
" 5";"10";" 50.00";"12.99";"nacional";"3.129695e-04"
" 5";"10";" 50.00";"12.99";"limite";"3.129695e-04"
" 4";" 7";" 57.14";"12.83";"suspeição";"3.402956e-04"
" 4";" 7";" 57.14";"12.83";"admitir";"3.402956e-04"
" 4";" 7";" 57.14";"12.83";"alegar";"3.402956e-04"
" 6";"14";" 42.86";"11.99";"decidir";"5.362771e-04"
" 6";"15";" 40.00";"10.55";"pessoal";"1.161260e-03"
" 4";" 8";" 50.00";"10.36";"indicação";"1.286439e-03"
" 4";" 8";" 50.00";"10.36";"partido";"1.286439e-03"
" 3";" 5";" 60.00";"10.35";"ordenar";"1.295704e-03"
" 3";" 5";" 60.00";"10.35";"governo";"1.295704e-03"
" 3";" 5";" 60.00";"10.35";"marcelo";"1.295704e-03"
" 6";"16";" 37.50";" 9.31";"corrupção";"2.275714e-03"
" 4";" 9";" 44.44";" 8.47";"revelar";"3.612995e-03"
" 6";"17";" 35.29";" 8.24";"parecer";"4.107357e-03"
" 6";"17";" 35.29";" 8.24";"edoc";"4.107357e-03"
" 2";" 3";" 66.67";" 8.05";"rel";"4.545255e-03"
" 2";" 3";" 66.67";" 8.05";"intuito";"4.545255e-03"
" 2";" 3";" 66.67";" 8.05";"experiência";"4.545255e-03"
" 2";" 3";" 66.67";" 8.05";"josé";"4.545255e-03"
" 2";" 3";" 66.67";" 8.05";"vantagem";"4.545255e-03"
" 2";" 3";" 66.67";" 8.05";"silva";"4.545255e-03"
" 2";" 3";" 66.67";" 8.05";"registro";"4.545255e-03"
" 2";" 3";" 66.67";" 8.05";"jogo";"4.545255e-03"
" 2";" 3";" 66.67";" 8.05";"inácio";"4.545255e-03"
" 2";" 3";" 66.67";" 8.05";"filigrana";"4.545255e-03"
" 2";" 3";" 66.67";" 8.05";"aproximar";"4.545255e-03"
" 3";" 6";" 50.00";" 7.75";"afastar";"5.376363e-03"
" 3";" 6";" 50.00";" 7.75";"mensalão";"5.376363e-03"
" 3";" 6";" 50.00";" 7.75";"soltura";"5.376363e-03"
" 9";"32";" 28.12";" 7.44";"ato";"6.370016e-03"
" 6";"18";" 33.33";" 7.29";"julgamento";"6.921301e-03"
" 6";"18";" 33.33";" 7.29";"quebra";"6.921301e-03"
" 4";"10";" 40.00";" 6.98";"grave";"8.236379e-03"
" 3";" 7";" 42.86";" 5.93";"impedir";"1.488496e-02"
" 3";" 7";" 42.86";" 5.93";"declarar";"1.488496e-02"
" 3";" 7";" 42.86";" 5.93";"análise";"1.488496e-02"
" 3";" 7";" 42.86";" 5.93";"permitir";"1.488496e-02"
" 3";" 7";" 42.86";" 5.93";"concluir";"1.488496e-02"
" 4";"11";" 36.36";" 5.79";"condenação";"1.612568e-02"
" 4";"11";" 36.36";" 5.79";"maior";"1.612568e-02"
" 6";"20";" 30.00";" 5.73";"questão";"1.666383e-02"
" 2";" 4";" 50.00";" 5.15";"conhecido";"2.324377e-02"
" 2";" 4";" 50.00";" 5.15";"presente";"2.324377e-02"
" 2";" 4";" 50.00";" 5.15";"obtenção";"2.324377e-02"
" 2";" 4";" 50.00";" 5.15";"interno";"2.324377e-02"
" 2";" 4";" 50.00";" 5.15";"visar";"2.324377e-02"
" 2";" 4";" 50.00";" 5.15";"regional";"2.324377e-02"
" 2";" 4";" 50.00";" 5.15";"preciso";"2.324377e-02"
" 2";" 4";" 50.00";" 5.15";"possibilitar";"2.324377e-02"
" 2";" 4";" 50.00";" 5.15";"nomeação";"2.324377e-02"
" 2";" 4";" 50.00";" 5.15";"lavagem";"2.324377e-02"
" 2";" 4";" 50.00";" 5.15";"junto";"2.324377e-02"
" 2";" 4";" 50.00";" 5.15";"jf";"2.324377e-02"
" 2";" 4";" 50.00";" 5.15";"inclinação";"2.324377e-02"
" 2";" 4";" 50.00";" 5.15";"evitar";"2.324377e-02"
" 2";" 4";" 50.00";" 5.15";"dinheiro";"2.324377e-02"
" 3";" 8";" 37.50";" 4.60";"ilegal";"3.195798e-02"
" 3";" 8";" 37.50";" 4.60";"concreto";"3.195798e-02"
" 3";" 8";" 37.50";" 4.60";"exigir";"3.195798e-02"
" 3";" 8";" 37.50";" 4.60";"antecedente";"3.195798e-02"
" 5";"17";" 29.41";" 4.53";"crime";"3.333675e-02"
" 5";"18";" 27.78";" 3.92";"momento";"4.779704e-02"
" 3";" 9";" 33.33";" 3.60";"cnj";"5.786368e-02"
" 3";" 9";" 33.33";" 3.60";"procedimento";"5.786368e-02"
" 2";" 5";" 40.00";" 3.46";"cargo";"6.269045e-02"
" 2";" 5";" 40.00";" 3.46";"específico";"6.269045e-02"
" 2";" 5";" 40.00";" 3.46";"episódio";"6.269045e-02"
" 2";" 5";" 40.00";" 3.46";"agir";"6.269045e-02"
" 2";" 5";" 40.00";" 3.46";"motivo";"6.269045e-02"
" 2";" 5";" 40.00";" 3.46";"indicativo";"6.269045e-02"
" 2";" 5";" 40.00";" 3.46";"atividade";"6.269045e-02"
" 2";" 5";" 40.00";" 3.46";"suspender";"6.269045e-02"
" 2";" 5";" 40.00";" 3.46";"partidário";"6.269045e-02"
" 2";" 5";" 40.00";" 3.46";"justificativo";"6.269045e-02"
" 5";"19";" 26.32";" 3.38";"prisão";"6.580615e-02"
" 4";"14";" 28.57";" 3.35";"elemento";"6.712805e-02"
" 4";"14";" 28.57";" 3.35";"cumprir";"6.712805e-02"
" 4";"14";" 28.57";" 3.35";"meio";"6.712805e-02"
" 3";"10";" 30.00";" 2.82";"parcialidade";"9.293306e-02"
" 3";"10";" 30.00";" 2.82";"judiciário";"9.293306e-02"
" 4";"15";" 26.67";" 2.79";"discutir";"9.467915e-02"
" 9";"44";" 20.45";" 2.69";"imparcialidade";"1.009713e-01"
"11";"57";" 19.30";" 2.59";"sérgio";"1.072293e-01"
" 2";" 6";" 33.33";" 2.39";"voto";"1.222949e-01"
" 2";" 6";" 33.33";" 2.39";"trecho";"1.222949e-01"
" 2";" 6";" 33.33";" 2.39";"ocasião";"1.222949e-01"
" 2";" 6";" 33.33";" 2.39";"imposto";"1.222949e-01"
" 2";" 6";" 33.33";" 2.39";"evidente";"1.222949e-01"
" 2";" 6";" 33.33";" 2.39";"região";"1.222949e-01"
" 2";" 6";" 33.33";" 2.39";"garantir";"1.222949e-01"
" 4";"16";" 25.00";" 2.32";"réu";"1.276132e-01"
" 4";"16";" 25.00";" 2.32";"verdadeiro";"1.276132e-01"
" 3";"11";" 27.27";" 2.21";"república";"1.367387e-01"
" 3";"11";" 27.27";" 2.21";"determinado";"1.367387e-01"
" 3";"11";" 27.27";" 2.21";"utilização";"1.367387e-01"
" 7";"34";" 20.59";" 2.12";"próprio";"1.457522e-01"
"*****";"*";"*";"*";"*";"*"
" 5";" 10";"50.00";"12.99";"lhe";"0.0003129695"
" 5";" 11";"45.45";"11.05";"dentro";"0.0008871365"
" 5";" 13";"38.46";" 8.12";"me";"0.0043685970"
" 2";"  3";"66.67";" 8.05";"2019";"0.0045452555"
" 2";"  3";"66.67";" 8.05";"potencialmente";"0.0045452555"
" 9";" 33";"27.27";" 6.87";"parte";"0.0087682915"
"65";"434";"14.98";" 6.55";"que";"0.0104987233"
" 8";" 30";"26.67";" 5.72";"quando";"0.0168184078"
" 4";" 12";"33.33";" 4.82";"7";"0.0281577488"
" 4";" 13";"30.77";" 4.02";"dois";"0.0450138821"
"10";" 47";"21.28";" 3.52";"já";"0.0607105800"
" 2";"  5";"40.00";" 3.46";"mim";"0.0626904477"
" 2";"  5";"40.00";" 3.46";"cujo";"0.0626904477"
"13";" 66";"19.70";" 3.42";"sua";"0.0644664476"
" 5";" 19";"26.32";" 3.38";"além";"0.0658061467"
" 9";" 43";"20.93";" 2.95";"isso";"0.0858920631"
" 3";" 10";"30.00";" 2.82";"algum";"0.0929330621"
"30";"189";"15.87";" 2.66";"não";"0.1029102393"
" 2";"  6";"33.33";" 2.39";"2013";"0.1222949355"
" 2";"  6";"33.33";" 2.39";"28";"0.1222949355"
" 2";"  6";"33.33";" 2.39";"excepto";"0.1222949355"
" 2";"  6";"33.33";" 2.39";"mediante";"0.1222949355"
" 2";"  6";"33.33";" 2.39";"49";"0.1222949355"
" 7";" 34";"20.59";" 2.12";"assim";"0.1457521672"
"10";" 53";"18.87";" 2.10";"mais";"0.1471390705"
"*";"*";"*";"*";"*";"*"
"**";"classe";"3";"**";"";""
"****";"217";"678";"32.01";"****";""
"59";" 65";" 90.77";"114.08";"direito";"1.254114e-26"
"53";" 87";" 60.92";" 38.34";"processo";"5.939520e-10"
"25";" 30";" 83.33";" 38.00";"art";"7.077581e-10"
"22";" 25";" 88.00";" 37.40";"garantia";"9.635737e-10"
"47";" 75";" 62.67";" 36.43";"penal";"1.583901e-09"
"25";" 32";" 78.12";" 32.83";"sistema";"1.008286e-08"
"21";" 25";" 84.00";" 32.25";"constitucional";"1.359012e-08"
"16";" 17";" 94.12";" 30.91";"fundamental";"2.700341e-08"
"17";" 19";" 89.47";" 29.67";"humano";"5.135160e-08"
"13";" 13";"100.00";" 28.16";"devido";"1.118391e-07"
"17";" 20";" 85.00";" 26.59";"acusar";"2.509910e-07"
"19";" 24";" 79.17";" 25.43";"justiça";"4.590452e-07"
"29";" 44";" 65.91";" 24.85";"imparcialidade";"6.188337e-07"
"28";" 42";" 66.67";" 24.72";"dever";"6.639363e-07"
"16";" 19";" 84.21";" 24.48";"função";"7.507822e-07"
"13";" 14";" 92.86";" 24.32";"princípio";"8.143653e-07"
"17";" 21";" 80.95";" 23.86";"ilícito";"1.037358e-06"
"11";" 11";"100.00";" 23.75";"imparcial";"1.094646e-06"
"22";" 31";" 70.97";" 22.66";"acusatório";"1.933256e-06"
"15";" 18";" 83.33";" 22.38";"brasileiro";"2.231158e-06"
"11";" 12";" 91.67";" 19.98";"democrático";"7.822325e-06"
"11";" 12";" 91.67";" 19.98";"contraditório";"7.822325e-06"
"25";" 39";" 64.10";" 19.59";"julgador";"9.602111e-06"
" 9";"  9";"100.00";" 19.38";"separação";"1.072896e-05"
"10";" 11";" 90.91";" 17.83";"código";"2.419537e-05"
"18";" 26";" 69.23";" 17.22";"julgar";"3.336963e-05"
"11";" 13";" 84.62";" 16.86";"liberdade";"4.030610e-05"
"13";" 17";" 76.47";" 15.84";"cf";"6.886182e-05"
" 7";"  7";"100.00";" 15.03";"ed";"1.060343e-04"
" 7";"  7";"100.00";" 15.03";"doutrina";"1.060343e-04"
" 7";"  7";"100.00";" 15.03";"ator";"1.060343e-04"
"10";" 12";" 83.33";" 14.79";"regra";"1.202441e-04"
"10";" 12";" 83.33";" 14.79";"modelo";"1.202441e-04"
"15";" 22";" 68.18";" 13.67";"criminal";"2.174777e-04"
" 8";"  9";" 88.89";" 13.56";"tender";"2.308652e-04"
" 6";"  6";"100.00";" 12.86";"locomoção";"3.356174e-04"
" 6";"  6";"100.00";" 12.86";"silêncio";"3.356174e-04"
" 6";"  6";"100.00";" 12.86";"rt";"3.356174e-04"
" 6";"  6";"100.00";" 12.86";"proteção";"3.356174e-04"
" 6";"  6";"100.00";" 12.86";"criminoso";"3.356174e-04"
"13";" 19";" 68.42";" 11.91";"violação";"5.579303e-04"
" 7";"  8";" 87.50";" 11.46";"buscar";"7.125925e-04"
" 7";"  8";" 87.50";" 11.46";"essencial";"7.125925e-04"
" 8";" 10";" 80.00";" 10.74";"resultado";"1.046716e-03"
" 5";"  5";"100.00";" 10.70";"assentar";"1.070756e-03"
" 5";"  5";"100.00";" 10.70";"restrição";"1.070756e-03"
" 5";"  5";"100.00";" 10.70";"punitivo";"1.070756e-03"
" 5";"  5";"100.00";" 10.70";"perder";"1.070756e-03"
" 5";"  5";"100.00";" 10.70";"imputar";"1.070756e-03"
" 5";"  5";"100.00";" 10.70";"estatal";"1.070756e-03"
"15";" 24";" 62.50";" 10.63";"modo";"1.111789e-03"
" 9";" 12";" 75.00";" 10.38";"conduzir";"1.276256e-03"
" 9";" 12";" 75.00";" 10.38";"violar";"1.276256e-03"
"13";" 20";" 65.00";" 10.31";"tribunal";"1.324025e-03"
"11";" 16";" 68.75";" 10.17";"sentido";"1.430261e-03"
" 6";"  7";" 85.71";"  9.38";"interrogatório";"2.199210e-03"
" 7";"  9";" 77.78";"  8.78";"eventual";"3.043900e-03"
" 7";"  9";" 77.78";"  8.78";"vista";"3.043900e-03"
" 7";"  9";" 77.78";"  8.78";"estabelecer";"3.043900e-03"
"11";" 17";" 64.71";"  8.57";"legal";"3.421544e-03"
" 4";"  4";"100.00";"  8.55";"inocência";"3.458779e-03"
" 4";"  4";"100.00";"  8.55";"universidade";"3.458779e-03"
" 4";"  4";"100.00";"  8.55";"distinto";"3.458779e-03"
" 4";"  4";"100.00";"  8.55";"dignidade_da_pessoa_humana";"3.458779e-03"
" 4";"  4";"100.00";"  8.55";"preceito";"3.458779e-03"
" 4";"  4";"100.00";"  8.55";"ordenação";"3.458779e-03"
" 4";"  4";"100.00";"  8.55";"natural";"3.458779e-03"
" 4";"  4";"100.00";"  8.55";"legítimo";"3.458779e-03"
" 4";"  4";"100.00";"  8.55";"europeu";"3.458779e-03"
" 4";"  4";"100.00";"  8.55";"dignidade";"3.458779e-03"
" 4";"  4";"100.00";"  8.55";"cidadão";"3.458779e-03"
" 4";"  4";"100.00";"  8.55";"bangalore";"3.458779e-03"
" 4";"  4";"100.00";"  8.55";"antonio";"3.458779e-03"
" 5";"  6";" 83.33";"  7.33";"social";"6.787323e-03"
" 5";"  6";" 83.33";"  7.33";"exercício";"6.787323e-03"
" 5";"  6";" 83.33";"  7.33";"cenário";"6.787323e-03"
" 5";"  6";" 83.33";"  7.33";"aplicar";"6.787323e-03"
" 6";"  8";" 75.00";"  6.88";"independência";"8.734115e-03"
" 6";"  8";" 75.00";"  6.88";"condição";"8.734115e-03"
" 6";"  8";" 75.00";"  6.88";"conduta";"8.734115e-03"
" 6";"  8";" 75.00";"  6.88";"definir";"8.734115e-03"
" 6";"  8";" 75.00";"  6.88";"combate";"8.734115e-03"
" 6";"  8";" 75.00";"  6.88";"acusador";"8.734115e-03"
" 8";" 12";" 66.67";"  6.74";"possibilidade";"9.406822e-03"
" 7";" 10";" 70.00";"  6.73";"existência";"9.466530e-03"
"23";" 47";" 48.94";"  6.65";"defesa";"9.906802e-03"
" 3";"  3";"100.00";"  6.40";"situação";"1.140177e-02"
" 3";"  3";"100.00";"  6.40";"livre";"1.140177e-02"
" 3";"  3";"100.00";"  6.40";"impor";"1.140177e-02"
" 3";"  3";"100.00";"  6.40";"professor";"1.140177e-02"
" 3";"  3";"100.00";"  6.40";"teor";"1.140177e-02"
" 3";"  3";"100.00";"  6.40";"sanção";"1.140177e-02"
" 3";"  3";"100.00";"  6.40";"nação";"1.140177e-02"
" 3";"  3";"100.00";"  6.40";"mínimo";"1.140177e-02"
" 3";"  3";"100.00";"  6.40";"culpado";"1.140177e-02"
" 3";"  3";"100.00";"  6.40";"yale";"1.140177e-02"
" 3";"  3";"100.00";"  6.40";"tradução";"1.140177e-02"
" 3";"  3";"100.00";"  6.40";"temporário";"1.140177e-02"
" 3";"  3";"100.00";"  6.40";"subjetivo";"1.140177e-02"
" 3";"  3";"100.00";"  6.40";"méxico";"1.140177e-02"
" 3";"  3";"100.00";"  6.40";"midiática";"1.140177e-02"
" 3";"  3";"100.00";"  6.40";"lumen";"1.140177e-02"
" 3";"  3";"100.00";"  6.40";"juris";"1.140177e-02"
" 3";"  3";"100.00";"  6.40";"inocente";"1.140177e-02"
" 3";"  3";"100.00";"  6.40";"indivíduo";"1.140177e-02"
" 3";"  3";"100.00";"  6.40";"inadmissibilidade";"1.140177e-02"
" 3";"  3";"100.00";"  6.40";"iii";"1.140177e-02"
" 3";"  3";"100.00";"  6.40";"gustavo";"1.140177e-02"
" 3";"  3";"100.00";"  6.40";"franco";"1.140177e-02"
" 3";"  3";"100.00";"  6.40";"expressar";"1.140177e-02"
" 3";"  3";"100.00";"  6.40";"essência";"1.140177e-02"
" 3";"  3";"100.00";"  6.40";"consignar";"1.140177e-02"
" 3";"  3";"100.00";"  6.40";"consequência";"1.140177e-02"
" 3";"  3";"100.00";"  6.40";"confissão";"1.140177e-02"
" 3";"  3";"100.00";"  6.40";"cit";"1.140177e-02"
" 3";"  3";"100.00";"  6.40";"característica";"1.140177e-02"
" 3";"  3";"100.00";"  6.40";"autoincriminação";"1.140177e-02"
" 3";"  3";"100.00";"  6.40";"afastado";"1.140177e-02"
"12";" 21";" 57.14";"  6.29";"lei";"1.212652e-02"
"23";" 48";" 47.92";"  6.01";"prova";"1.423207e-02"
" 9";" 15";" 60.00";"  5.52";"corte";"1.875930e-02"
" 4";"  5";" 80.00";"  5.33";"marco";"2.094193e-02"
" 4";"  5";" 80.00";"  5.33";"independente";"2.094193e-02"
" 4";"  5";" 80.00";"  5.33";"ilicitude";"2.094193e-02"
" 4";"  5";" 80.00";"  5.33";"supremo";"2.094193e-02"
" 4";"  5";" 80.00";"  5.33";"razoável";"2.094193e-02"
" 4";"  5";" 80.00";"  5.33";"provar";"2.094193e-02"
" 4";"  5";" 80.00";"  5.33";"organização";"2.094193e-02"
" 4";"  5";" 80.00";"  5.33";"motivação";"2.094193e-02"
" 4";"  5";" 80.00";"  5.33";"kriele";"2.094193e-02"
" 4";"  5";" 80.00";"  5.33";"admissão";"2.094193e-02"
" 5";"  7";" 71.43";"  5.05";"cpp";"2.460864e-02"
" 5";"  7";" 71.43";"  5.05";"tratar";"2.460864e-02"
" 5";"  7";" 71.43";"  5.05";"civil";"2.460864e-02"
" 5";"  7";" 71.43";"  5.05";"agente";"2.460864e-02"
" 5";"  7";" 71.43";"  5.05";"projeto";"2.460864e-02"
" 5";"  7";" 71.43";"  5.05";"jurisprudência";"2.460864e-02"
"13";" 25";" 52.00";"  4.77";"acusação";"2.898928e-02"
"46";"113";" 40.71";"  4.72";"juiz";"2.983993e-02"
"15";" 30";" 50.00";"  4.67";"investigar";"3.069046e-02"
"14";" 28";" 50.00";"  4.35";"pessoa";"3.710826e-02"
" 7";" 12";" 58.33";"  3.89";"prever";"4.854777e-02"
"10";" 19";" 52.63";"  3.82";"dúvida";"5.060443e-02"
" 6";" 10";" 60.00";"  3.65";"único";"5.590183e-02"
" 6";" 10";" 60.00";"  3.65";"representar";"5.590183e-02"
" 5";"  8";" 62.50";"  3.46";"gravação";"6.290087e-02"
" 5";"  8";" 62.50";"  3.46";"tema";"6.290087e-02"
" 5";"  8";" 62.50";"  3.46";"linha";"6.290087e-02"
" 3";"  4";" 75.00";"  3.42";"conjunto";"6.449703e-02"
" 3";"  4";" 75.00";"  3.42";"necessidade";"6.449703e-02"
" 3";"  4";" 75.00";"  3.42";"restar";"6.449703e-02"
" 3";"  4";" 75.00";"  3.42";"presunção";"6.449703e-02"
" 3";"  4";" 75.00";"  3.42";"flagrante";"6.449703e-02"
" 3";"  4";" 75.00";"  3.42";"disputa";"6.449703e-02"
" 3";"  4";" 75.00";"  3.42";"segurança";"6.449703e-02"
" 3";"  4";" 75.00";"  3.42";"efeito";"6.449703e-02"
" 3";"  4";" 75.00";"  3.42";"declaração";"6.449703e-02"
" 3";"  4";" 75.00";"  3.42";"óbvio";"6.449703e-02"
" 3";"  4";" 75.00";"  3.42";"tese";"6.449703e-02"
" 3";"  4";" 75.00";"  3.42";"preconceito";"6.449703e-02"
" 3";"  4";" 75.00";"  3.42";"postura";"6.449703e-02"
" 3";"  4";" 75.00";"  3.42";"perseguição";"6.449703e-02"
" 3";"  4";" 75.00";"  3.42";"opção";"6.449703e-02"
" 3";"  4";" 75.00";"  3.42";"obrigação";"6.449703e-02"
" 3";"  4";" 75.00";"  3.42";"impugnar";"6.449703e-02"
" 3";"  4";" 75.00";"  3.42";"exposição";"6.449703e-02"
" 3";"  4";" 75.00";"  3.42";"exercer";"6.449703e-02"
" 3";"  4";" 75.00";"  3.42";"escopo";"6.449703e-02"
" 3";"  4";" 75.00";"  3.42";"envolvido";"6.449703e-02"
" 3";"  4";" 75.00";"  3.42";"constituir";"6.449703e-02"
"11";" 22";" 50.00";"  3.38";"relação";"6.587033e-02"
" 4";"  6";" 66.67";"  3.34";"internacional";"6.753870e-02"
" 4";"  6";" 66.67";"  3.34";"evidente";"6.753870e-02"
" 4";"  6";" 66.67";"  3.34";"terceiro";"6.753870e-02"
" 4";"  6";" 66.67";"  3.34";"prerrogativa";"6.753870e-02"
" 4";"  6";" 66.67";"  3.34";"geral";"6.753870e-02"
" 4";"  6";" 66.67";"  3.34";"foro";"6.753870e-02"
" 4";"  6";" 66.67";"  3.34";"aplicação";"6.753870e-02"
" 4";"  6";" 66.67";"  3.34";"advertir";"6.753870e-02"
" 8";" 15";" 53.33";"  3.21";"amplo";"7.336208e-02"
" 8";" 16";" 50.00";"  2.44";"réu";"1.184199e-01"
" 8";" 16";" 50.00";"  2.44";"corrupção";"1.184199e-01"
"18";" 42";" 42.86";"  2.42";"caso";"1.195972e-01"
" 5";"  9";" 55.56";"  2.32";"necessário";"1.273580e-01"
" 5";"  9";" 55.56";"  2.32";"respeito";"1.273580e-01"
" 5";"  9";" 55.56";"  2.32";"força";"1.273580e-01"
" 4";"  7";" 57.14";"  2.05";"circunstância";"1.518404e-01"
" 4";"  7";" 57.14";"  2.05";"instrução";"1.518404e-01"
" 4";"  7";" 57.14";"  2.05";"narrativa";"1.518404e-01"
" 4";"  7";" 57.14";"  2.05";"aurélio";"1.518404e-01"
" 4";"  7";" 57.14";"  2.05";"papel";"1.518404e-01"
" 4";"  7";" 57.14";"  2.05";"face";"1.518404e-01"
" 4";"  7";" 57.14";"  2.05";"defender";"1.518404e-01"
" 4";"  7";" 57.14";"  2.05";"brasil";"1.518404e-01"
" 4";"  7";" 57.14";"  2.05";"objectivo";"1.518404e-01"
" 4";"  7";" 57.14";"  2.05";"intimação";"1.518404e-01"
" 4";"  7";" 57.14";"  2.05";"especial";"1.518404e-01"
" 4";"  7";" 57.14";"  2.05";"direto";"1.518404e-01"
"*****";"*";"*";"*";"*";"*"
" 27";" 36";" 75.00";"32.29";"p";"1.325636e-08"
" 53";" 95";" 55.79";"28.72";"poder";"8.376907e-08"
" 20";" 26";" 76.92";"25.07";"estado";"5.541100e-07"
"  5";"  5";"100.00";"10.70";"2014";"1.070756e-03"
"120";"316";" 37.97";" 9.69";"ser";"1.853751e-03"
" 32";" 66";" 48.48";" 9.12";"sua";"2.522932e-03"
"  7";"  9";" 77.78";" 8.78";"5";"3.043900e-03"
"  9";" 13";" 69.23";" 8.44";"somente";"3.671580e-03"
" 50";"119";" 42.02";" 6.65";"um";"9.933593e-03"
"  3";"  3";"100.00";" 6.40";"156";"1.140177e-02"
"  3";"  3";"100.00";" 6.40";"plenamente";"1.140177e-02"
"  3";"  3";"100.00";" 6.40";"h";"1.140177e-02"
"  3";"  3";"100.00";" 6.40";"anteriormente";"1.140177e-02"
" 23";" 49";" 46.94";" 5.41";"seu";"1.999837e-02"
"  4";"  5";" 80.00";" 5.33";"v";"2.094193e-02"
"  4";"  5";" 80.00";" 5.33";"2012";"2.094193e-02"
"  4";"  5";" 80.00";" 5.33";"claramente";"2.094193e-02"
"  4";"  5";" 80.00";" 5.33";"ademais";"2.094193e-02"
"  8";" 13";" 61.54";" 5.31";"1";"2.117988e-02"
" 73";"189";" 38.62";" 5.27";"não";"2.163831e-02"
" 86";"229";" 37.55";" 4.89";"se";"2.697942e-02"
" 38";" 94";" 40.43";" 3.55";"uma";"5.936922e-02"
"  3";"  4";" 75.00";" 3.42";"você";"6.449703e-02"
"182";"542";" 33.58";" 3.07";"a";"7.955934e-02"
" 17";" 38";" 44.74";" 3.00";"qualquer";"8.335973e-02"
"  9";" 18";" 50.00";" 2.75";"tal";"9.718335e-02"
"  5";"  9";" 55.56";" 2.32";"tanto";"1.273580e-01"
"  4";"  7";" 57.14";" 2.05";"isto";"1.518404e-01"
"*";"*";"*";"*";"*";"*"
"**";"classe";"4";"**";"";""
"****";"219";"678";"32.3";"****";""
"33";"34";" 97.06";"68.65";"teixeira";"1.178600e-16"
"34";"36";" 94.44";"67.14";"escritório";"2.526834e-16"
"46";"60";" 76.67";"59.25";"interceptação";"1.388317e-14"
"28";"29";" 96.55";"57.19";"terminal";"3.950665e-14"
"26";"27";" 96.30";"52.66";"advocacia";"3.958068e-13"
"22";"22";"100.00";"47.66";"achar";"5.079790e-12"
"20";"20";"100.00";"43.19";"nao";"4.962555e-11"
"27";"32";" 84.38";"41.65";"deltan";"1.092804e-10"
"19";"19";"100.00";"40.97";"lils";"1.545803e-10"
"23";"27";" 85.19";"35.96";"roberto";"2.009919e-09"
"16";"16";"100.00";"34.34";"palestra";"4.616459e-09"
"39";"61";" 63.93";"30.67";"advogado";"3.052037e-08"
"14";"14";"100.00";"29.96";"número";"4.407939e-08"
"14";"14";"100.00";"29.96";"telefonia";"4.407939e-08"
"18";"21";" 85.71";"28.27";"telefone";"1.053030e-07"
"13";"13";"100.00";"27.78";"martins";"1.359792e-07"
"14";"15";" 93.33";"26.13";"empresa";"3.192638e-07"
"16";"19";" 84.21";"24.09";"bom";"9.204321e-07"
"13";"14";" 92.86";"23.97";"operador";"9.773004e-07"
"10";"10";"100.00";"21.27";"ramal";"3.983730e-06"
"17";"22";" 77.27";"21.03";"interceptar";"4.522255e-06"
"14";"17";" 82.35";"19.98";"saber";"7.839190e-06"
"28";"45";" 62.22";"19.73";"mpf";"8.902920e-06"
"15";"19";" 78.95";"19.45";"referido";"1.032226e-05"
"15";"19";" 78.95";"19.45";"pf";"1.032226e-05"
" 9";" 9";"100.00";"19.12";"sítio";"1.229593e-05"
" 9";" 9";"100.00";"19.12";"informar";"1.229593e-05"
"10";"11";" 90.91";"17.56";"welter";"2.778419e-05"
" 8";" 8";"100.00";"16.97";"prado";"3.802864e-05"
" 8";" 8";"100.00";"16.97";"tb";"3.802864e-05"
" 8";" 8";"100.00";"16.97";"paludo";"3.802864e-05"
" 8";" 8";"100.00";"16.97";"januario";"3.802864e-05"
"23";"37";" 62.16";"15.96";"telefônico";"6.474555e-05"
" 9";"10";" 90.00";"15.45";"melhor";"8.461233e-05"
" 9";"10";" 90.00";"15.45";"notícia";"8.461233e-05"
"18";"27";" 66.67";"15.19";"dizer";"9.737954e-05"
"17";"25";" 68.00";"15.13";"informação";"1.004761e-04"
" 7";" 7";"100.00";"14.82";"apf";"1.180060e-04"
" 7";" 7";"100.00";"14.82";"vcs";"1.180060e-04"
" 7";" 7";"100.00";"14.82";"usar";"1.180060e-04"
" 7";" 7";"100.00";"14.82";"pq";"1.180060e-04"
"21";"34";" 61.76";"14.21";"diálogo";"1.634726e-04"
" 8";" 9";" 88.89";"13.36";"autorização";"2.575084e-04"
" 6";" 6";"100.00";"12.69";"trabalhar";"3.680840e-04"
" 6";" 6";"100.00";"12.69";"roberson";"3.680840e-04"
" 6";" 6";"100.00";"12.69";"conducao";"3.680840e-04"
" 6";" 6";"100.00";"12.69";"andrey";"3.680840e-04"
" 6";" 6";"100.00";"12.69";"aberto";"3.680840e-04"
" 6";" 6";"100.00";"12.69";"mendonça";"3.680840e-04"
" 6";" 6";"100.00";"12.69";"enviar";"3.680840e-04"
" 6";" 6";"100.00";"12.69";"concordar";"3.680840e-04"
" 6";" 6";"100.00";"12.69";"anexo";"3.680840e-04"
" 9";"11";" 81.82";"12.54";"jerusa";"3.988530e-04"
"11";"15";" 73.33";"11.81";"nota";"5.890055e-04"
"14";"21";" 66.67";"11.70";"falar";"6.236196e-04"
"12";"17";" 70.59";"11.69";"data";"6.285885e-04"
" 7";" 8";" 87.50";"11.28";"laura";"7.834371e-04"
" 7";" 8";" 87.50";"11.28";"publicar";"7.834371e-04"
" 7";" 8";" 87.50";"11.28";"celular";"7.834371e-04"
"18";"30";" 60.00";"11.01";"dia";"9.046930e-04"
"16";"26";" 61.54";"10.57";"ofício";"1.149895e-03"
" 8";"10";" 80.00";"10.56";"petição";"1.155421e-03"
" 5";" 5";"100.00";"10.56";"anselmo";"1.157296e-03"
" 5";" 5";"100.00";"10.56";"vladimir";"1.157296e-03"
" 5";" 5";"100.00";"10.56";"vincular";"1.157296e-03"
" 5";" 5";"100.00";"10.56";"travar";"1.157296e-03"
" 5";" 5";"100.00";"10.56";"receita";"1.157296e-03"
" 5";" 5";"100.00";"10.56";"ramal_tronco";"1.157296e-03"
" 5";" 5";"100.00";"10.56";"noronha";"1.157296e-03"
" 5";" 5";"100.00";"10.56";"julio";"1.157296e-03"
" 5";" 5";"100.00";"10.56";"januário";"1.157296e-03"
" 5";" 5";"100.00";"10.56";"gente";"1.157296e-03"
" 5";" 5";"100.00";"10.56";"camila";"1.157296e-03"
" 5";" 5";"100.00";"10.56";"cadastro";"1.157296e-03"
" 5";" 5";"100.00";"10.56";"atibaia";"1.157296e-03"
" 5";" 5";"100.00";"10.56";"atar";"1.157296e-03"
" 9";"12";" 75.00";"10.19";"dallagnol";"1.415589e-03"
"10";"14";" 71.43";"10.01";"novo";"1.558358e-03"
"10";"14";" 71.43";"10.01";"ficar";"1.558358e-03"
"12";"18";" 66.67";" 9.99";"pedir";"1.576920e-03"
"11";"16";" 68.75";" 9.96";"constar";"1.603592e-03"
"16";"27";" 59.26";" 9.35";"dar";"2.235339e-03"
" 6";" 7";" 85.71";" 9.23";"valer";"2.383400e-03"
" 6";" 7";" 85.71";" 9.23";"soltar";"2.383400e-03"
" 7";" 9";" 77.78";" 8.63";"trazer";"3.313234e-03"
" 7";" 9";" 77.78";" 8.63";"realidade";"3.313234e-03"
" 7";" 9";" 77.78";" 8.63";"continuar";"3.313234e-03"
" 4";" 4";"100.00";" 8.43";"rs";"3.684080e-03"
" 4";" 4";"100.00";" 8.43";"excelente";"3.684080e-03"
" 4";" 4";"100.00";" 8.43";"colega";"3.684080e-03"
" 4";" 4";"100.00";" 8.43";"vivo";"3.684080e-03"
" 4";" 4";"100.00";" 8.43";"titularizado";"3.684080e-03"
" 4";" 4";"100.00";" 8.43";"resolução";"3.684080e-03"
" 4";" 4";"100.00";" 8.43";"pertencer";"3.684080e-03"
" 4";" 4";"100.00";" 8.43";"pertencente";"3.684080e-03"
" 4";" 4";"100.00";" 8.43";"grampear";"3.684080e-03"
" 4";" 4";"100.00";" 8.43";"globo";"3.684080e-03"
" 4";" 4";"100.00";" 8.43";"flor";"3.684080e-03"
" 4";" 4";"100.00";" 8.43";"corresponder";"3.684080e-03"
" 4";" 4";"100.00";" 8.43";"correa";"3.684080e-03"
" 4";" 4";"100.00";" 8.43";"bonfim";"3.684080e-03"
" 4";" 4";"100.00";" 8.43";"aquisição";"3.684080e-03"
" 4";" 4";"100.00";" 8.43";"alvo";"3.684080e-03"
"11";"17";" 64.71";" 8.37";"mandar";"3.807450e-03"
"11";"17";" 64.71";" 8.37";"paulo";"3.807450e-03"
" 8";"11";" 72.73";" 8.36";"denúncia";"3.842914e-03"
"10";"15";" 66.67";" 8.28";"grupo";"3.998652e-03"
" 5";" 6";" 83.33";" 7.21";"palocci";"7.251740e-03"
" 5";" 6";" 83.33";" 7.21";"esquema";"7.251740e-03"
" 5";" 6";" 83.33";" 7.21";"entender";"7.251740e-03"
" 5";" 6";" 83.33";" 7.21";"evento";"7.251740e-03"
" 5";" 6";" 83.33";" 7.21";"apreensão";"7.251740e-03"
" 5";" 6";" 83.33";" 7.21";"prr";"7.251740e-03"
" 5";" 6";" 83.33";" 7.21";"difícil";"7.251740e-03"
"11";"18";" 61.11";" 7.02";"procurador";"8.066459e-03"
"18";"34";" 52.94";" 6.97";"juízo";"8.272095e-03"
" 6";" 8";" 75.00";" 6.75";"ideia";"9.376284e-03"
" 8";"12";" 66.67";" 6.60";"conhecimento";"1.021113e-02"
" 3";" 3";"100.00";" 6.32";"noticiar";"1.196791e-02"
" 3";" 3";"100.00";" 6.32";"explicar";"1.196791e-02"
" 3";" 3";"100.00";" 6.32";"reforçar";"1.196791e-02"
" 3";" 3";"100.00";" 6.32";"publicação";"1.196791e-02"
" 3";" 3";"100.00";" 6.32";"pozzobon";"1.196791e-02"
" 3";" 3";"100.00";" 6.32";"integrante";"1.196791e-02"
" 3";" 3";"100.00";" 6.32";"demorar";"1.196791e-02"
" 3";" 3";"100.00";" 6.32";"conjur";"1.196791e-02"
" 3";" 3";"100.00";" 6.32";"ag";"1.196791e-02"
" 3";" 3";"100.00";" 6.32";"vc";"1.196791e-02"
" 3";" 3";"100.00";" 6.32";"thompson";"1.196791e-02"
" 3";" 3";"100.00";" 6.32";"sozinho";"1.196791e-02"
" 3";" 3";"100.00";" 6.32";"oas";"1.196791e-02"
" 3";" 3";"100.00";" 6.32";"luciano";"1.196791e-02"
" 3";" 3";"100.00";" 6.32";"extravagante";"1.196791e-02"
" 3";" 3";"100.00";" 6.32";"equivocar";"1.196791e-02"
" 3";" 3";"100.00";" 6.32";"entao";"1.196791e-02"
" 3";" 3";"100.00";" 6.32";"dr";"1.196791e-02"
" 3";" 3";"100.00";" 6.32";"cnpj";"1.196791e-02"
" 3";" 3";"100.00";" 6.32";"avisar";"1.196791e-02"
" 3";" 3";"100.00";" 6.32";"apanhar";"1.196791e-02"
" 3";" 3";"100.00";" 6.32";"amigo";"1.196791e-02"
" 4";" 5";" 80.00";" 5.24";"presidente";"2.206155e-02"
" 4";" 5";" 80.00";" 5.24";"sede";"2.206155e-02"
" 4";" 5";" 80.00";" 5.24";"imprensa";"2.206155e-02"
" 4";" 5";" 80.00";" 5.24";"dirigir";"2.206155e-02"
" 4";" 5";" 80.00";" 5.24";"pedro";"2.206155e-02"
" 4";" 5";" 80.00";" 5.24";"crer";"2.206155e-02"
" 4";" 5";" 80.00";" 5.24";"corroboração";"2.206155e-02"
" 4";" 5";" 80.00";" 5.24";"tessler";"2.206155e-02"
" 4";" 5";" 80.00";" 5.24";"telegram";"2.206155e-02"
" 4";" 5";" 80.00";" 5.24";"relatório";"2.206155e-02"
" 4";" 5";" 80.00";" 5.24";"ligar";"2.206155e-02"
" 5";" 7";" 71.43";" 4.95";"jornal";"2.606128e-02"
" 5";" 7";" 71.43";" 4.95";"fonte";"2.606128e-02"
" 5";" 7";" 71.43";" 4.95";"encontrar";"2.606128e-02"
" 5";" 7";" 71.43";" 4.95";"autorizar";"2.606128e-02"
" 5";" 7";" 71.43";" 4.95";"criticar";"2.606128e-02"
" 5";" 7";" 71.43";" 4.95";"coisa";"2.606128e-02"
" 5";" 7";" 71.43";" 4.95";"atender";"2.606128e-02"
" 6";" 9";" 66.67";" 4.93";"transcrever";"2.645432e-02"
" 6";" 9";" 66.67";" 4.93";"encaminhar";"2.645432e-02"
" 8";"14";" 57.14";" 4.03";"querer";"4.458510e-02"
" 6";"10";" 60.00";" 3.56";"pedido";"5.914753e-02"
" 5";" 8";" 62.50";" 3.38";"mensagem";"6.614198e-02"
" 5";" 8";" 62.50";" 3.38";"pgr";"6.614198e-02"
" 3";" 4";" 75.00";" 3.35";"monitoramento";"6.700825e-02"
" 3";" 4";" 75.00";" 3.35";"semana";"6.700825e-02"
" 3";" 4";" 75.00";" 3.35";"folha";"6.700825e-02"
" 3";" 4";" 75.00";" 3.35";"confirmar";"6.700825e-02"
" 3";" 4";" 75.00";" 3.35";"suposto";"6.700825e-02"
" 3";" 4";" 75.00";" 3.35";"resposta";"6.700825e-02"
" 3";" 4";" 75.00";" 3.35";"oficiar";"6.700825e-02"
" 3";" 4";" 75.00";" 3.35";"neto";"6.700825e-02"
" 3";" 4";" 75.00";" 3.35";"mar";"6.700825e-02"
" 3";" 4";" 75.00";" 3.35";"lado";"6.700825e-02"
" 3";" 4";" 75.00";" 3.35";"il";"6.700825e-02"
" 3";" 4";" 75.00";" 3.35";"ft";"6.700825e-02"
" 3";" 4";" 75.00";" 3.35";"exclusão";"6.700825e-02"
" 3";" 4";" 75.00";" 3.35";"equipa";"6.700825e-02"
" 3";" 4";" 75.00";" 3.35";"cuidado";"6.700825e-02"
" 3";" 4";" 75.00";" 3.35";"comprovar";"6.700825e-02"
" 4";" 6";" 66.67";" 3.27";"reportagem";"7.058387e-02"
" 4";" 6";" 66.67";" 3.27";"prazo";"7.058387e-02"
" 4";" 6";" 66.67";" 3.27";"áudio";"7.058387e-02"
" 4";" 6";" 66.67";" 3.27";"grande";"7.058387e-02"
"13";"28";" 46.43";" 2.67";"pessoa";"1.025296e-01"
"20";"47";" 42.55";" 2.43";"lula";"1.192294e-01"
" 5";" 9";" 55.56";" 2.26";"cnj";"1.331287e-01"
" 5";" 9";" 55.56";" 2.26";"atingir";"1.331287e-01"
" 5";" 9";" 55.56";" 2.26";"depender";"1.331287e-01"
" 7";"14";" 50.00";" 2.05";"deixar";"1.524226e-01"
" 9";"19";" 47.37";" 2.03";"só";"1.542733e-01"
"*****";"*";"*";"*";"*";"*"
"39";" 58";" 67.24";"35.41";"2016";"2.671036e-09"
"23";" 28";" 82.14";"33.18";"16";"8.403986e-09"
"39";" 60";" 65.00";"32.19";"ele";"1.400964e-08"
"17";" 19";" 89.47";"29.22";"11";"6.461071e-08"
"14";" 15";" 93.33";"26.13";"pro";"3.192638e-07"
"68";"136";" 50.00";"24.37";"ir";"7.945200e-07"
"11";" 11";"100.00";"23.44";"59";"1.292057e-06"
"18";" 23";" 78.26";"23.00";"03";"1.622214e-06"
"14";" 16";" 87.50";"22.83";"22";"1.767270e-06"
"69";"141";" 48.94";"22.53";"ter";"2.070190e-06"
"14";" 17";" 82.35";"19.98";"19";"7.839190e-06"
" 9";"  9";"100.00";"19.12";"24";"1.229593e-05"
"12";" 14";" 85.71";"18.65";"25";"1.569982e-05"
"15";" 20";" 75.00";"17.18";"02";"3.396364e-05"
" 8";"  8";"100.00";"16.97";"q";"3.802864e-05"
"11";" 13";" 84.62";"16.59";"18";"4.644011e-05"
" 9";" 10";" 90.00";"15.45";"31";"8.461233e-05"
"15";" 21";" 71.43";"15.17";"antes";"9.812677e-05"
"10";" 12";" 83.33";"14.55";"14";"1.365636e-04"
"39";" 76";" 51.32";"14.15";"estar";"1.685598e-04"
"25";" 43";" 58.14";"14.02";"isso";"1.811293e-04"
"29";" 53";" 54.72";"13.21";"mais";"2.782548e-04"
" 9";" 11";" 81.82";"12.54";"nome";"3.988530e-04"
"10";" 13";" 76.92";"12.07";"tentar";"5.127904e-04"
" 8";" 10";" 80.00";"10.56";"21";"1.155421e-03"
" 8";" 10";" 80.00";"10.56";"23";"1.155421e-03"
" 5";"  5";"100.00";"10.56";"56";"1.157296e-03"
" 5";"  5";"100.00";"10.56";"40";"1.157296e-03"
" 5";"  5";"100.00";"10.56";"09";"1.157296e-03"
" 5";"  5";"100.00";"10.56";"53";"1.157296e-03"
" 5";"  5";"100.00";"10.56";"20";"1.157296e-03"
" 9";" 12";" 75.00";"10.19";"depois";"1.415589e-03"
" 9";" 12";" 75.00";"10.19";"agora";"1.415589e-03"
" 6";"  7";" 85.71";" 9.23";"15";"2.383400e-03"
" 4";"  4";"100.00";" 8.43";"06";"3.684080e-03"
" 4";"  4";"100.00";" 8.43";"55";"3.684080e-03"
" 4";"  4";"100.00";" 8.43";"tu";"3.684080e-03"
" 4";"  4";"100.00";" 8.43";"44";"3.684080e-03"
" 5";"  6";" 83.33";" 7.21";"ontem";"7.251740e-03"
" 5";"  6";" 83.33";" 7.21";"nossa";"7.251740e-03"
" 5";"  6";" 83.33";" 7.21";"33";"7.251740e-03"
" 6";"  8";" 75.00";" 6.75";"b";"9.376284e-03"
" 6";"  8";" 75.00";" 6.75";"35";"9.376284e-03"
" 7";" 10";" 70.00";" 6.60";"17";"1.021755e-02"
" 3";"  3";"100.00";" 6.32";"54";"1.196791e-02"
" 3";"  3";"100.00";" 6.32";"hora";"1.196791e-02"
" 3";"  3";"100.00";" 6.32";"01";"1.196791e-02"
" 3";"  3";"100.00";" 6.32";"vinte";"1.196791e-02"
" 3";"  3";"100.00";" 6.32";"50";"1.196791e-02"
" 4";"  5";" 80.00";" 5.24";"41";"2.206155e-02"
" 4";"  5";" 80.00";" 5.24";"27";"2.206155e-02"
" 5";"  7";" 71.43";" 4.95";"29";"2.606128e-02"
" 6";"  9";" 66.67";" 4.93";"30";"2.645432e-02"
"13";" 25";" 52.00";" 4.61";"também";"3.185463e-02"
" 9";" 16";" 56.25";" 4.30";"04";"3.815571e-02"
"23";" 52";" 44.23";" 3.67";"fazer";"5.554982e-02"
" 9";" 17";" 52.94";" 3.40";"eu";"6.531020e-02"
" 3";"  4";" 75.00";" 3.35";"nada";"6.700825e-02"
" 3";"  4";" 75.00";" 3.35";"entanto";"6.700825e-02"
" 3";"  4";" 75.00";" 3.35";"eh";"6.700825e-02"
" 3";"  4";" 75.00";" 3.35";"52";"6.700825e-02"
" 3";"  4";" 75.00";" 3.35";"46";"6.700825e-02"
" 3";"  4";" 75.00";" 3.35";"sim";"6.700825e-02"
" 3";"  4";" 75.00";" 3.35";"quase";"6.700825e-02"
" 3";"  4";" 75.00";" 3.35";"cinco";"6.700825e-02"
" 3";"  4";" 75.00";" 3.35";"34";"6.700825e-02"
" 4";"  6";" 66.67";" 3.27";"28";"7.058387e-02"
" 4";"  6";" 66.67";" 3.27";"26";"7.058387e-02"
" 4";"  6";" 66.67";" 3.27";"pouco";"7.058387e-02"
" 4";"  6";" 66.67";" 3.27";"07";"7.058387e-02"
" 8";" 16";" 50.00";" 2.35";"muito";"1.254877e-01"
" 5";"  9";" 55.56";" 2.26";"embora";"1.331287e-01"
" 9";" 19";" 47.37";" 2.03";"inclusive";"1.542733e-01"
"*";"*";"*";"*";"*";"*"
